POSE,A-ACE-94,A-TYR-95,A-GLU-96,A-SER-97,A-ARG-98,A-THR-99,A-GLU-100,A-NME-100,A-ACE-101,A-ASP-102,A-NME-102,A-ACE-103,A-SER-104,A-NME-104,A-ACE-251,A-LYS-252,A-NME-252,A-ACE-253,A-GLN-254,A-NME-254,A-ACE-257,A-LEU-258,A-ALA-259,A-NME-259,A-ACE-261,A-ALA-262,A-NME-262,A-ACE-264,A-ILE-265,A-PRO-266,A-ARG-267,A-GLU-268,A-SER-269,A-LEU-270,A-ARG-271,A-LEU-272,A-GLU-273,A-VAL-274,A-LYS-275,A-LEU-276,A-GLY-277,A-GLN-278,A-GLY-279,A-CYS-280,A-PHE-281,A-GLY-282,A-GLU-283,A-VAL-284,A-TRP-285,A-MET-286,A-GLY-287,A-THR-288,A-TRP-289,A-ASN-290,A-GLY-291,A-THR-292,A-THR-293,A-ARG-294,A-VAL-295,A-ALA-296,A-ILE-297,A-LYS-298,A-THR-299,A-LEU-300,A-LYS-301,A-PRO-302,A-NME-302,A-ACE-303,A-THR-304,A-NME-304,A-ACE-325,A-VAL-326,A-NME-326,A-ACE-328,A-TYR-329,A-ALA-330,A-VAL-331,A-VAL-332,A-SER-333,A-GLU-334,A-GLU-335,A-PRO-336,A-ILE-337,A-TYR-338,A-ILE-339,A-VAL-340,A-THR-341,A-GLU-342,A-TYR-343,A-MET-344,A-SER-345,A-LYS-346,A-GLY-347,A-SER-348,A-NME-348,A-ACE-350,A-ASP-351,A-PHE-352,A-NME-352,A-ACE-354,A-GLY-355,A-GLU-356,A-NME-356,A-ACE-395,A-LEU-396,A-VAL-397,A-GLY-398,A-GLU-399,A-NME-399
pose001,-0.01,-0.02,0.01,0.00,0.00,0.00,0.01,0.00,0.00,0.00,0.00,-0.00,-0.00,-0.00,-0.00,0.00,0.00,0.00,0.00,0.00,0.00,0.00,0.00,0.00,0.00,0.00,0.00,0.00,0.00,0.00,0.01,0.02,0.00,0.01,-1.55,-0.24,1.96,-1.00,0.03,-0.01,0.01,0.01,0.00,0.00,0.00,0.00,0.06,-0.00,-0.18,-0.09,-0.01,0.01,-0.00,0.01,0.02,0.01,0.00,0.05,-0.01,0.00,-0.01,0.00,0.01,0.00,0.00,-0.00,0.00,0.00,0.00,-0.00,0.00,0.00,0.00,0.00,0.00,0.00,0.00,0.00,0.00,0.01,0.00,0.00,0.00,0.01,0.00,0.00,0.00,0.01,0.02,0.01,0.01,0.00,0.00,0.00,0.00,0.00,0.00,0.00,0.00,0.00,0.00,0.00,0.00,0.00,0.00,0.00,0.00,0.01,0.00
pose002,-0.00,-0.01,0.01,0.01,0.00,0.00,0.01,0.00,0.00,0.00,0.00,0.00,-0.00,0.00,0.00,0.00,0.00,0.00,0.00,0.00,0.00,-0.00,0.00,0.00,0.00,0.00,-0.00,0.00,0.00,0.00,0.01,0.04,0.01,0.03,-1.52,-0.49,2.15,-0.90,0.00,-0.01,0.00,0.01,0.00,0.00,0.00,0.00,0.05,-0.00,-0.14,-0.17,-0.02,-0.00,-0.01,0.02,0.02,0.01,0.00,0.04,-0.01,0.00,-0.01,0.00,0.01,0.00,0.00,0.00,0.00,0.00,0.00,-0.00,-0.00,0.00,0.00,0.00,0.00,0.00,0.00,0.00,0.00,0.01,0.00,0.00,0.00,0.01,0.00,-0.00,-0.00,0.01,0.01,0.00,0.01,0.00,0.00,0.00,0.00,0.00,0.00,0.00,0.00,0.00,0.00,0.00,0.00,0.00,-0.00,0.00,0.00,0.01,0.00
pose003,-0.01,-0.02,0.01,0.00,0.00,0.00,0.00,0.00,0.00,0.00,-0.00,0.00,0.00,0.00,0.00,0.00,0.00,0.00,0.00,0.00,0.00,0.00,0.00,0.00,0.00,0.00,0.00,0.00,0.00,0.00,0.01,0.03,0.01,0.03,-0.18,-0.56,1.10,-1.42,-0.37,-0.04,0.01,0.01,0.00,0.00,0.00,0.00,0.15,-0.01,-1.02,-0.10,-0.00,0.00,-0.00,0.01,0.01,0.01,0.00,0.04,-0.01,0.00,-0.01,0.00,0.01,0.00,0.01,-0.00,0.00,0.00,0.00,-0.00,0.00,-0.00,0.00,0.00,0.00,0.00,0.00,-0.00,0.00,0.01,0.01,0.00,0.00,0.01,0.00,0.00,-0.00,0.01,0.01,0.01,0.01,0.00,0.00,0.00,-0.00,0.00,0.00,0.00,0.00,0.00,0.00,0.00,0.00,0.00,0.00,0.00,0.00,0.01,0.00
pose004,-0.00,-0.01,0.01,0.00,0.00,0.00,0.01,0.00,0.00,0.00,0.00,0.00,0.00,0.00,0.00,0.00,0.00,0.00,0.00,0.00,0.00,0.00,0.00,0.00,0.00,0.00,0.00,0.00,0.00,0.00,0.02,0.04,0.00,0.02,-2.23,-0.41,2.80,-1.17,0.02,-0.01,0.00,0.01,0.00,0.00,0.00,0.00,0.09,-0.00,-0.32,-0.11,-0.00,0.02,-0.01,0.01,0.01,0.01,0.00,0.06,-0.01,0.00,-0.01,0.00,0.01,0.00,0.01,0.00,-0.00,0.00,0.00,-0.00,0.00,0.00,0.00,0.00,0.00,0.00,0.00,0.00,0.00,0.01,0.01,0.00,0.00,0.01,0.00,0.00,0.00,0.01,0.01,0.00,0.01,0.00,0.00,0.00,0.00,0.00,0.00,0.00,0.00,0.00,0.00,0.00,0.00,-0.00,0.00,0.00,0.00,0.01,0.00
pose005,-0.00,-0.01,0.01,0.00,0.00,0.00,0.00,0.00,0.00,0.00,0.00,0.00,0.00,0.00,0.00,0.00,0.00,-0.00,0.00,0.00,0.00,-0.00,0.00,0.00,0.00,0.00,0.00,0.00,0.00,0.00,0.01,0.02,0.00,0.01,-0.15,-0.23,0.20,-1.27,-0.03,-0.02,0.00,0.01,0.00,0.00,0.00,0.00,0.07,-0.01,-0.29,-0.12,-0.00,0.01,-0.00,0.01,0.01,0.01,0.00,0.05,-0.01,0.00,-0.01,0.00,0.01,0.00,0.00,0.00,0.00,0.00,0.00,0.00,0.00,0.00,0.00,0.00,0.00,0.00,0.00,0.00,0.00,0.01,0.00,0.00,-0.00,0.01,0.00,0.00,0.00,0.01,0.01,0.00,0.01,0.00,0.00,0.00,0.00,0.00,0.00,0.00,0.00,0.00,0.00,0.00,0.00,0.00,0.00,0.00,0.00,0.01,0.00
pose006,-0.01,-0.02,0.01,0.00,0.00,0.00,0.00,0.00,0.00,0.00,0.00,0.00,0.00,0.00,0.00,0.00,0.00,0.00,0.00,0.00,0.00,-0.00,0.00,0.00,0.00,0.00,0.00,0.00,0.00,-0.00,0.01,0.03,0.01,0.02,-0.70,-0.60,0.65,-0.69,0.01,-0.01,0.01,0.01,0.00,0.00,0.00,0.00,0.08,-0.00,-0.31,-0.09,-0.00,0.01,-0.00,0.01,0.01,0.01,0.00,0.04,-0.00,0.00,-0.01,0.00,0.01,0.00,0.01,-0.00,-0.00,0.00,0.00,0.00,0.00,0.00,0.00,0.00,0.00,0.00,0.00,0.00,0.00,0.01,0.01,0.00,0.00,0.01,0.00,0.00,-0.00,0.01,0.01,0.00,0.01,0.00,0.00,0.00,0.00,0.00,0.00,0.00,0.00,0.00,0.00,0.00,0.00,0.00,0.00,0.00,0.00,0.01,0.00
pose007,-0.01,-0.02,0.00,0.00,-0.00,0.00,0.00,0.00,0.00,0.00,0.00,0.00,0.00,0.00,0.00,0.00,0.00,0.00,0.00,0.00,0.00,-0.00,0.00,0.00,0.00,0.00,0.00,0.00,0.00,0.00,0.01,0.02,0.00,0.01,-0.32,-0.41,0.03,-0.67,-0.06,-0.01,0.01,0.01,0.00,0.00,0.00,0.00,0.16,-0.01,-0.98,-0.04,0.00,0.01,-0.00,0.01,0.01,0.01,0.00,0.03,-0.00,-0.00,-0.01,0.00,0.01,0.00,0.01,0.00,0.00,0.00,0.00,0.00,0.00,0.00,0.00,0.00,0.00,-0.00,0.00,-0.00,0.00,0.01,0.01,0.00,-0.00,0.01,-0.00,0.00,-0.00,0.00,0.01,0.00,0.00,0.00,0.00,0.00,0.00,0.00,0.00,0.00,0.00,0.00,0.00,0.00,0.00,0.00,0.00,0.00,0.00,0.01,0.00
pose008,-0.01,-0.02,0.01,0.00,0.00,0.00,0.01,0.00,0.00,0.00,0.00,0.00,0.00,0.00,0.00,0.00,0.00,0.00,-0.00,0.00,0.00,-0.00,0.00,-0.00,0.00,0.00,0.00,-0.00,0.00,-0.00,0.01,0.03,0.01,0.02,-1.20,-0.42,-0.09,-0.24,0.02,-0.00,0.00,0.01,0.00,0.00,0.00,0.00,0.05,-0.00,-0.12,-0.05,-0.00,0.01,-0.00,0.01,0.01,0.00,0.00,0.03,-0.01,0.00,-0.01,0.00,0.01,0.00,0.00,-0.00,-0.00,0.00,0.00,0.00,0.00,0.00,-0.00,0.00,0.00,0.00,0.00,-0.00,0.00,0.01,0.01,0.00,0.00,0.01,0.00,0.00,-0.00,0.00,0.01,0.00,0.00,0.00,0.00,0.00,-0.00,0.00,0.00,0.00,0.00,0.00,0.00,0.00,0.00,0.00,-0.00,-0.00,0.00,0.01,0.00
pose009,-0.01,-0.02,0.01,0.01,0.00,0.00,0.00,0.00,0.00,0.00,0.00,0.00,0.00,0.00,0.00,0.00,0.00,0.00,0.00,-0.00,0.00,-0.00,0.00,0.00,0.00,0.00,0.00,0.00,0.00,0.00,0.01,0.03,0.01,0.02,-0.57,-0.56,1.52,-0.67,0.03,-0.01,0.01,0.01,0.00,0.00,0.00,0.00,0.09,-0.00,-0.37,-0.10,-0.01,-0.00,-0.01,0.01,0.02,0.01,0.00,0.06,-0.01,0.00,-0.01,0.00,0.01,0.00,0.01,0.00,0.00,-0.00,0.00,0.00,0.00,-0.00,0.00,0.00,0.00,0.00,0.00,0.00,0.00,0.01,0.00,0.00,0.00,0.01,0.00,0.00,0.00,0.01,0.01,0.01,0.01,0.01,0.00,0.00,0.00,0.00,0.00,0.00,0.00,0.00,0.00,0.00,0.00,0.00,0.00,0.00,0.00,0.01,0.00
pose010,-0.01,-0.02,0.01,0.00,0.00,0.00,0.01,0.00,0.00,0.00,0.00,0.00,0.00,0.00,-0.00,0.00,0.00,0.00,0.00,0.00,0.00,0.00,0.00,0.00,-0.00,0.00,0.00,0.00,0.00,0.00,0.01,0.03,0.01,0.02,-0.96,-0.35,1.30,-1.01,0.01,-0.01,0.00,0.01,0.00,0.00,0.00,0.00,0.05,-0.00,-0.22,-0.08,0.00,0.02,-0.00,0.01,0.02,0.01,0.00,0.05,-0.01,0.00,-0.01,0.00,0.01,0.00,0.00,-0.00,0.00,-0.00,0.00,0.00,-0.00,0.00,0.00,0.00,0.00,0.00,0.00,0.00,0.00,0.01,0.00,0.00,0.00,0.01,0.00,0.00,-0.00,0.01,0.01,0.01,0.01,0.00,0.00,0.00,0.00,0.00,0.00,0.00,0.00,0.00,0.00,0.00,0.00,0.00,0.00,0.00,0.00,0.01,0.00
