POSE,A-ACE-85,A-PHE-86,A-VAL-87,A-ALA-88,A-LEU-89,A-TYR-90,A-ASP-91,A-TYR-92,A-GLU-93,A-SER-94,A-ARG-95,A-THR-96,A-GLU-97,A-THR-98,A-ASP-99,A-LEU-100,A-SER-101,A-PHE-102,A-LYS-103,A-LYS-104,A-GLY-105,A-GLU-106,A-ARG-107,A-LEU-108,A-NME-108,A-ACE-109,A-ILE-110,A-NME-110,A-ACE-113,A-THR-114,A-GLU-115,A-GLY-116,A-ASP-117,A-TRP-118,A-TRP-119,A-LEU-120,A-ALA-121,A-HIS-122,A-SER-123,A-NME-123,A-ACE-124,A-SER-125,A-THR-126,A-NME-126,A-ACE-127,A-GLN-128,A-THR-129,A-GLY-130,A-TYR-131,A-ILE-132,A-PRO-133,A-SER-134,A-ASN-135,A-TYR-136,A-VAL-137,A-ALA-138,A-PRO-139,A-NME-139,A-ACE-142,A-ILE-143,A-GLN-144,A-ALA-145,A-GLU-146,A-GLU-147,A-TRP-148,A-TYR-149,A-PHE-150,A-GLY-151,A-LYS-152,A-ILE-153,A-THR-154,A-ARG-155,A-ARG-156,A-GLU-157,A-SER-158,A-GLU-159,A-ARG-160,A-LEU-161,A-LEU-162,A-LEU-163,A-ASN-164,A-ALA-165,A-GLU-166,A-ASN-167,A-PRO-168,A-ARG-169,A-GLY-170,A-THR-171,A-PHE-172,A-LEU-173,A-VAL-174,A-ARG-175,A-GLU-176,A-SER-177,A-GLU-178,A-THR-179,A-NME-179,A-ACE-182,A-ALA-183,A-TYR-184,A-CYS-185,A-LEU-186,A-SER-187,A-VAL-188,A-SER-189,A-ASP-190,A-PHE-191,A-NME-191,A-ACE-195,A-GLY-196,A-LEU-197,A-ASN-198,A-VAL-199,A-LYS-200,A-HIS-201,A-TYR-202,A-NME-202,A-ACE-203,A-ILE-204,A-NME-204,A-ACE-222,A-LEU-223,A-NME-223,A-ACE-226,A-VAL-227,A-NME-227,A-ACE-240,A-LEU-241,A-THR-242,A-THR-243,A-VAL-244,A-CYS-245,A-PRO-246,A-THR-247,A-SER-248,A-LYS-249,A-PRO-250,A-GLN-251,A-THR-252,A-GLN-253,A-GLY-254,A-LEU-255,A-ALA-256,A-LYS-257,A-ASP-258,A-ALA-259,A-TRP-260,A-GLU-261,A-ILE-262,A-PRO-263,A-ARG-264,A-GLU-265,A-SER-266,A-LEU-267,A-ARG-268,A-LEU-269,A-GLU-270,A-VAL-271,A-LYS-272,A-LEU-273,A-GLY-274,A-GLN-275,A-GLY-276,A-CYS-277,A-PHE-278,A-GLY-279,A-GLU-280,A-VAL-281,A-TRP-282,A-MET-283,A-GLY-284,A-THR-285,A-TRP-286,A-ASN-287,A-GLY-288,A-THR-289,A-THR-290,A-ARG-291,A-VAL-292,A-ALA-293,A-ILE-294,A-LYS-295,A-THR-296,A-LEU-297,A-LYS-298,A-PRO-299,A-GLY-300,A-THR-301,A-MET-302,A-SER-303,A-PRO-304,A-GLU-305,A-ALA-306,A-PHE-307,A-LEU-308,A-GLN-309,A-GLU-310,A-ALA-311,A-GLN-312,A-VAL-313,A-MET-314,A-LYS-315,A-LYS-316,A-LEU-317,A-ARG-318,A-HIS-319,A-GLU-320,A-LYS-321,A-LEU-322,A-VAL-323,A-GLN-324,A-LEU-325,A-TYR-326,A-ALA-327,A-VAL-328,A-VAL-329,A-SER-330,A-GLU-331,A-GLU-332,A-PRO-333,A-ILE-334,A-TYR-335,A-ILE-336,A-VAL-337,A-THR-338,A-GLU-339,A-TYR-340,A-MET-341,A-SER-342,A-LYS-343,A-GLY-344,A-SER-345,A-LEU-346,A-LEU-347,A-ASP-348,A-PHE-349,A-LEU-350,A-LYS-351,A-GLY-352,A-GLU-353,A-THR-354,A-GLY-355,A-LYS-356,A-TYR-357,A-LEU-358,A-ARG-359,A-LEU-360,A-PRO-361,A-GLN-362,A-LEU-363,A-VAL-364,A-ASP-365,A-MET-366,A-ALA-367,A-ALA-368,A-GLN-369,A-ILE-370,A-ALA-371,A-SER-372,A-GLY-373,A-MET-374,A-ALA-375,A-TYR-376,A-VAL-377,A-GLU-378,A-ARG-379,A-MET-380,A-ASN-381,A-TYR-382,A-VAL-383,A-HIS-384,A-ARG-385,A-ASP-386,A-LEU-387,A-ARG-388,A-ALA-389,A-ALA-390,A-ASN-391,A-ILE-392,A-LEU-393,A-VAL-394,A-GLY-395,A-GLU-396,A-ASN-397,A-LEU-398,A-VAL-399,A-CYS-400,A-LYS-401,A-VAL-402,A-ALA-403,A-ASP-404,A-PHE-405,A-GLY-406,A-LEU-407,A-ALA-408,A-ARG-409,A-NME-409,A-ACE-423,A-PHE-424,A-PRO-425,A-ILE-426,A-LYS-427,A-TRP-428,A-THR-429,A-ALA-430,A-PRO-431,A-GLU-432,A-ALA-433,A-ALA-434,A-LEU-435,A-TYR-436,A-GLY-437,A-ARG-438,A-PHE-439,A-THR-440,A-ILE-441,A-LYS-442,A-SER-443,A-ASP-444,A-VAL-445,A-TRP-446,A-SER-447,A-PHE-448,A-GLY-449,A-ILE-450,A-LEU-451,A-LEU-452,A-THR-453,A-GLU-454,A-LEU-455,A-THR-456,A-THR-457,A-LYS-458,A-GLY-459,A-ARG-460,A-VAL-461,A-PRO-462,A-TYR-463,A-PRO-464,A-GLY-465,A-MET-466,A-VAL-467,A-ASN-468,A-ARG-469,A-GLU-470,A-VAL-471,A-LEU-472,A-ASP-473,A-GLN-474,A-VAL-475,A-GLU-476,A-NME-476,A-ACE-478,A-TYR-479,A-ARG-480,A-MET-481,A-PRO-482,A-NME-482,A-ACE-483,A-PRO-484,A-NME-484,A-ACE-494,A-MET-495,A-NME-495,A-ACE-497,A-CYS-498,A-TRP-499,A-NME-499,A-ACE-505,A-ARG-506,A-NME-506,A-ACE-508,A-PHE-509,A-GLU-510,A-NME-510,A-ACE-511,A-LEU-512,A-GLN-513,A-ALA-514,A-NME-514,A-ACE-515,A-LEU-516,A-GLU-517,A-ASP-518,A-NME-518,A-ACE-519,A-PHE-520,A-NME-520,A-ACE-521,A-SER-522,A-THR-523,A-GLU-524,A-PRO-525,A-NME-525,A-ACE-526,A-PTR-527
pose001,-0.01,-0.02,0.00,0.00,0.01,-0.01,0.02,-0.08,0.16,0.00,0.66,0.00,0.00,0.00,0.02,0.01,0.00,0.01,0.01,0.02,0.00,0.01,0.00,0.00,0.00,0.00,-0.00,0.00,0.00,0.00,0.01,0.01,0.01,-0.01,0.00,-0.00,0.00,-0.00,-0.00,0.00,0.00,0.00,0.00,0.00,0.00,0.00,0.00,0.00,0.00,-0.00,-0.01,0.01,0.05,-0.18,0.00,0.00,0.00,0.00,0.00,0.00,0.01,0.00,0.01,0.02,0.00,0.01,-0.01,0.00,0.01,-0.02,-0.00,0.00,0.02,-0.03,-0.00,0.01,-0.01,-0.50,-0.01,0.00,0.03,0.00,0.05,0.01,-0.00,0.00,0.00,0.00,0.00,-0.01,0.00,0.01,0.01,0.00,-0.00,0.00,0.00,0.00,0.00,0.00,0.00,0.00,-0.00,-0.00,0.00,-0.00,-0.00,0.00,0.00,0.00,0.00,0.00,0.00,0.00,0.00,0.00,0.00,0.00,0.00,0.00,0.00,0.00,0.00,0.00,-0.00,0.00,-0.00,0.00,0.00,0.00,0.00,-0.00,0.03,-0.19,-0.86,-0.25,-0.59,-2.10,-0.43,0.03,-0.01,-0.08,-0.01,0.01,0.01,0.01,-0.00,0.00,-0.00,-0.00,0.00,0.01,-0.00,0.00,0.01,0.00,0.03,-0.00,0.01,-0.00,0.00,0.00,0.00,-0.00,0.00,0.00,0.00,0.00,-0.00,-0.01,-0.02,0.03,-0.04,0.01,0.02,-0.02,-0.71,-0.23,-0.15,-0.03,-0.01,0.02,0.00,-0.00,0.00,-0.00,0.00,0.00,0.00,0.00,0.00,0.00,0.00,-0.00,-0.00,0.00,0.00,0.00,0.00,0.00,0.01,0.01,0.01,0.02,0.04,0.03,0.18,0.25,-0.04,-0.04,-0.13,0.00,-0.44,-0.00,0.00,0.00,0.00,0.00,0.00,-0.00,0.00,0.00,0.00,-0.01,0.02,-0.52,0.28,-1.73,-0.16,0.05,0.00,0.01,-0.00,-0.00,0.01,-0.01,-0.00,0.01,0.00,0.01,0.01,0.00,0.00,0.01,0.00,0.00,-0.00,0.00,0.01,-0.00,0.00,-0.02,-0.01,0.00,0.01,-0.06,-0.00,0.00,0.02,0.00,-0.00,0.00,0.00,0.00,0.00,0.01,0.00,0.00,0.00,0.00,0.00,0.00,0.00,0.00,0.01,0.00,0.01,0.01,0.00,-0.06,-0.05,-0.27,-0.77,-0.02,-0.02,-1.06,0.01,-0.29,-0.02,0.01,0.02,-0.00,0.00,0.00,0.00,0.00,0.00,0.00,-0.00,-0.00,0.00,0.00,-0.00,-0.00,0.00,0.00,0.00,-0.00,0.00,0.00,0.00,0.00,0.00,0.00,0.00,0.00,0.00,0.00,0.00,0.00,0.00,0.00,-0.00,0.00,0.00,-0.00,-0.00,0.00,0.00,0.00,0.00,0.00,0.00,-0.00,-0.00,0.00,0.00,0.00,0.00,0.00,0.00,0.00,0.00,0.00,0.00,0.00,0.00,0.00,-0.00,0.00,0.00,0.00,0.00,0.00,0.00,-0.00,0.00,0.00,0.00,0.00,0.00,0.00,0.00,0.00,0.00,0.00,-0.00,0.00,0.00,0.00,-0.00,0.00,-0.00,0.00,0.00,0.00,0.00,0.00,0.00,0.00,0.00,0.00,0.01,0.00,0.00,0.00,0.00,0.00,0.00,0.00,0.00,0.00,-0.00,0.00,0.00,0.00
pose002,-0.01,-0.02,0.00,0.00,0.00,0.00,0.00,0.00,0.00,0.00,0.01,-0.00,0.00,0.00,0.00,0.00,0.00,0.00,0.00,0.00,0.00,0.00,0.00,0.00,0.00,0.00,0.00,0.00,0.00,0.00,0.00,0.00,0.00,-0.00,0.00,0.00,0.00,0.00,0.00,0.00,0.00,0.00,0.00,0.00,0.00,0.00,0.00,0.00,0.00,0.00,0.00,0.00,0.00,0.00,0.00,0.00,0.00,0.00,0.00,0.00,0.00,0.00,0.00,0.00,0.00,0.00,-0.00,0.00,0.00,0.00,0.00,0.00,0.00,-0.00,0.00,0.00,0.01,0.00,0.00,0.00,0.00,-0.00,0.00,0.00,0.00,0.00,0.00,0.00,0.00,-0.00,0.00,0.00,0.00,0.00,0.00,0.00,0.00,0.00,0.00,0.00,0.00,0.00,0.00,0.00,0.00,0.00,0.00,0.00,0.00,0.00,0.00,0.00,0.00,0.00,0.00,-0.00,0.00,0.00,0.00,0.00,0.00,0.00,0.00,0.00,0.00,0.00,0.00,0.00,0.00,0.00,0.00,0.00,0.00,0.00,0.01,0.00,0.00,0.01,-0.00,0.01,0.00,-0.00,0.00,0.00,0.00,0.00,-0.00,0.00,0.00,0.00,0.01,0.00,0.00,0.00,0.01,0.00,0.02,-0.02,0.12,-1.48,-0.63,-0.19,-0.47,-0.63,-0.09,-0.02,0.01,-1.85,-0.14,-0.12,-0.01,0.00,-0.00,0.00,0.00,0.00,0.01,0.02,0.00,-0.50,-0.09,-0.22,0.01,-0.01,0.06,0.00,0.00,0.01,0.00,0.00,0.00,0.00,0.00,-0.00,0.00,0.00,0.00,-0.00,0.00,0.00,0.00,0.00,0.00,0.00,0.01,0.01,0.01,0.02,0.01,-0.07,-0.00,-0.00,0.00,-0.00,0.00,0.00,0.00,0.00,0.01,0.00,-0.00,0.00,-0.02,-0.02,-0.05,0.02,-0.50,0.06,-0.14,-0.02,-0.35,-0.05,-0.04,-0.54,0.20,-0.01,-0.00,0.11,0.00,0.02,0.01,0.00,0.00,0.00,0.00,0.00,0.00,0.00,0.00,-0.00,-0.00,0.00,0.00,-0.00,0.00,0.01,-0.00,-0.00,0.00,0.01,-0.01,-0.00,0.00,0.00,0.00,0.00,0.00,0.00,0.00,0.01,-0.00,0.02,-0.57,0.04,1.79,-0.06,-1.13,-0.84,-0.15,-1.69,-0.03,0.00,0.01,0.00,0.00,0.00,0.02,-0.00,-0.00,-0.11,1.49,-0.01,0.00,-0.00,0.01,0.05,-0.00,-0.01,-0.10,-0.59,-0.03,0.02,-0.29,-0.01,-0.00,-0.00,0.00,0.00,-0.00,0.00,0.00,0.00,0.00,-0.00,0.00,0.00,0.00,0.00,0.00,-0.00,0.01,0.02,-0.00,0.00,0.00,-0.02,-0.00,0.00,0.07,0.00,0.01,0.01,0.01,0.00,0.01,-0.03,-0.02,-0.00,0.00,0.00,0.00,0.00,0.02,0.00,0.01,-0.00,-0.00,0.01,0.00,-0.00,0.00,0.00,0.00,0.00,0.00,-0.00,0.00,0.00,0.00,0.00,0.00,0.00,0.00,0.00,0.00,0.00,0.00,0.00,0.00,0.00,-0.00,0.00,-0.00,0.00,-0.00,0.00,0.00,0.00,-0.00,0.00,0.00,0.00,0.00,0.00,0.00,0.00,0.00,0.00,0.00,0.00,0.00,0.00,0.00,0.00,0.00,0.00
pose003,-0.01,-0.02,-0.00,0.00,-0.00,0.00,0.00,-0.00,0.01,0.00,0.01,-0.00,0.00,0.00,0.00,0.00,0.00,0.00,0.00,0.00,0.00,0.00,0.00,0.00,0.00,0.00,0.00,0.00,0.00,0.00,0.00,-0.00,0.00,0.00,0.00,0.00,0.00,0.00,0.00,0.00,0.00,0.00,0.00,0.00,0.00,0.00,0.00,0.00,0.00,0.00,0.00,0.00,-0.00,-0.00,0.00,0.00,0.00,0.00,0.00,-0.00,0.00,0.00,0.00,0.00,0.00,0.00,0.00,0.00,0.00,0.00,-0.00,0.00,0.00,-0.00,-0.00,0.00,0.01,0.00,0.00,0.00,0.00,0.00,0.00,0.00,0.00,0.00,0.00,0.00,-0.00,0.00,0.00,0.00,0.00,0.00,0.00,0.00,0.00,0.00,0.00,0.00,0.00,0.00,0.00,0.00,0.00,0.00,0.00,0.00,0.00,0.00,0.00,0.00,0.00,0.00,-0.00,0.00,0.00,0.00,0.00,0.00,0.00,0.00,0.00,0.00,0.00,0.00,0.00,0.00,0.00,0.00,0.00,0.00,-0.00,0.00,0.00,0.01,0.00,0.01,-0.00,0.01,0.00,-0.00,-0.00,0.00,0.00,0.00,-0.00,0.00,0.00,0.00,0.01,0.00,0.00,0.00,0.01,0.00,0.02,-0.02,0.12,-1.30,-0.52,-0.17,0.06,-0.29,-0.50,-0.06,-0.00,-1.74,-0.15,-0.10,-0.01,0.01,-0.00,0.00,0.00,0.00,0.00,0.02,-0.01,-0.49,-0.08,1.77,-0.00,-0.05,0.10,0.00,0.01,0.02,0.00,0.00,-0.00,0.00,0.00,-0.01,-0.00,0.00,-0.00,-0.00,0.00,0.01,0.00,0.00,0.00,0.00,0.01,0.01,0.01,0.02,0.01,-0.13,-0.00,-0.01,0.00,-0.00,0.00,0.00,0.00,0.00,0.01,0.01,-0.00,0.01,-0.03,-0.04,-0.13,0.11,-0.25,-0.05,-0.07,0.01,-0.21,-0.26,-0.05,-0.70,0.26,-0.02,-0.00,0.10,0.00,0.02,0.01,0.00,0.00,0.00,0.00,0.00,-0.00,0.00,0.00,0.00,-0.00,0.00,0.00,0.00,0.00,0.01,-0.00,-0.00,0.01,0.01,-0.01,0.00,0.00,0.00,0.00,0.00,0.00,0.00,0.00,0.01,-0.04,0.01,0.38,0.04,2.24,-0.05,-0.88,-1.54,-0.16,-1.63,-0.03,0.00,0.01,0.00,0.00,0.00,0.02,-0.00,-0.01,-0.06,0.53,-0.15,-0.10,-0.02,-0.00,-0.01,-0.00,-0.16,-0.01,-0.24,-0.01,0.02,-0.15,-0.01,-0.00,-0.00,0.00,0.00,-0.00,0.00,0.00,0.00,0.00,-0.00,0.00,-0.00,0.00,0.00,-0.01,0.00,0.01,0.02,-0.00,0.00,0.01,-0.02,-0.00,0.00,0.03,-0.00,0.00,0.01,0.01,0.00,0.01,-0.00,-0.01,-0.00,0.00,0.00,0.00,0.00,0.02,0.00,0.01,0.00,-0.00,0.00,0.00,-0.00,-0.00,0.00,0.00,0.00,0.00,-0.00,0.00,0.00,0.00,0.00,0.00,0.00,0.00,0.00,0.00,0.00,0.00,-0.00,-0.00,0.00,0.00,0.00,-0.00,0.00,0.00,0.00,0.00,0.00,-0.00,0.00,0.00,0.00,0.00,-0.00,0.00,0.00,0.00,0.00,0.00,0.00,0.00,0.00,0.00,0.00,0.00,0.00
pose004,-0.01,-0.02,0.00,0.00,0.00,-0.00,0.00,-0.00,0.01,-0.00,0.01,-0.00,0.00,0.00,0.00,-0.00,0.00,0.00,0.00,-0.00,0.00,0.00,0.00,0.00,0.00,0.00,0.00,0.00,0.00,0.00,0.00,-0.00,-0.00,-0.00,0.00,0.00,0.00,0.00,0.00,0.00,0.00,0.00,0.00,0.00,0.00,0.00,0.00,0.00,0.00,-0.00,0.00,0.00,0.00,0.00,0.00,0.00,0.00,0.00,0.00,0.00,0.00,0.00,0.00,0.00,0.00,0.00,0.00,0.00,0.00,0.00,0.00,0.00,0.00,-0.00,0.00,0.00,0.01,-0.00,-0.00,0.00,0.00,0.00,0.01,0.00,0.00,0.00,0.00,-0.00,0.00,0.00,0.00,0.00,0.00,0.00,0.00,0.00,0.00,0.00,0.00,0.00,0.00,0.00,0.00,0.00,0.00,0.00,0.00,0.00,0.00,0.00,-0.00,0.00,0.00,0.00,0.00,0.00,0.00,0.00,0.00,0.00,0.00,0.00,0.00,0.00,0.00,0.00,0.00,0.00,0.00,0.00,0.00,0.00,0.00,0.00,0.01,0.01,0.00,0.02,-0.00,0.01,0.00,-0.00,0.00,0.00,-0.00,0.00,-0.00,0.00,0.00,-0.00,0.01,0.00,0.00,0.00,0.01,0.00,0.03,-0.12,0.18,-2.94,-0.53,-0.41,-0.44,-0.17,-0.22,-0.16,-0.08,-2.69,-0.17,-0.24,-0.01,0.01,-0.00,0.00,0.01,0.00,0.01,0.03,0.01,-0.43,-0.08,0.34,-0.01,-0.05,0.05,0.00,0.00,0.01,0.00,0.00,0.00,0.00,0.00,-0.00,-0.00,0.00,0.00,0.00,0.00,0.00,0.00,0.01,0.00,0.00,0.01,0.01,0.02,0.02,0.01,-0.07,-0.00,-0.00,0.00,-0.00,0.00,0.00,0.00,0.01,0.01,0.00,-0.00,0.01,-0.03,-0.02,-0.01,-0.01,-0.42,-0.11,-0.30,-0.36,-0.82,-0.95,-0.07,-0.07,0.07,-0.13,-0.00,0.08,0.00,0.04,-0.01,0.00,0.01,0.00,0.00,0.00,0.00,0.00,0.01,0.00,0.00,0.00,-0.00,0.00,0.00,0.00,-0.00,-0.00,0.00,0.01,-0.00,-0.00,0.00,0.00,0.00,0.00,0.00,0.00,0.00,0.01,0.00,0.01,0.00,0.01,0.01,-0.04,0.08,-0.06,-0.12,-1.83,-0.06,0.00,0.02,0.01,0.00,0.00,0.01,0.00,-0.02,-0.12,0.98,-0.05,0.00,0.00,0.00,0.02,-0.00,0.01,0.01,-0.02,-0.00,0.01,-0.02,0.00,0.00,-0.00,-0.00,0.00,0.00,0.00,-0.00,0.00,0.00,-0.00,0.00,0.00,0.00,0.00,0.00,-0.00,0.00,0.01,-0.00,0.00,0.00,-0.01,-0.00,0.00,0.01,-0.00,0.00,0.01,0.01,0.00,0.00,0.00,-0.00,0.00,0.00,0.00,0.00,0.00,0.01,0.00,0.00,0.00,0.00,0.00,0.00,0.00,0.00,0.00,0.00,-0.00,0.00,0.00,-0.00,0.00,0.00,0.00,0.00,0.00,0.00,0.00,0.00,0.00,0.00,0.00,0.00,0.00,0.00,0.00,-0.00,-0.00,0.00,0.00,0.00,-0.00,0.00,0.00,0.00,0.00,0.00,-0.00,0.00,0.00,0.00,0.00,0.00,0.00,0.00,0.00,0.00,0.00,0.00,0.00
pose005,-0.01,-0.02,0.00,0.00,0.00,-0.00,0.00,0.00,0.01,0.00,0.01,-0.00,0.00,0.00,0.00,0.00,0.00,0.00,0.00,0.00,0.00,0.00,0.00,0.00,0.00,0.00,0.00,0.00,0.00,0.00,0.00,0.00,0.00,0.00,0.00,0.00,0.00,0.00,0.00,0.00,0.00,0.00,0.00,0.00,0.00,0.00,0.00,0.00,0.00,0.00,-0.00,-0.00,0.00,0.00,0.00,0.00,0.00,0.00,0.00,0.00,0.00,0.00,0.00,0.00,0.00,0.00,0.00,0.00,0.00,0.00,0.00,0.00,0.00,-0.00,0.00,0.00,0.01,-0.00,-0.00,0.00,0.00,0.00,0.00,-0.00,0.00,0.00,0.00,0.00,0.00,0.00,0.00,0.00,-0.00,0.00,0.00,0.00,0.00,0.00,0.00,0.00,0.00,0.00,0.00,0.00,-0.00,0.00,0.00,0.00,0.00,0.00,0.00,0.00,0.00,0.00,0.00,0.00,0.00,0.00,0.00,0.00,0.00,0.00,0.00,0.00,0.00,0.00,0.00,0.00,0.00,0.00,0.00,0.00,0.00,0.00,0.01,0.01,0.00,0.02,-0.00,0.01,0.01,-0.00,-0.00,0.00,0.00,0.00,-0.00,0.00,0.00,0.00,0.01,0.00,0.00,0.00,0.01,0.00,0.03,-0.08,0.16,-2.59,-0.53,-0.38,-0.53,-0.39,-0.40,-0.23,-0.13,-2.51,-0.16,-0.18,-0.01,0.01,-0.00,0.00,0.00,0.00,0.01,0.02,-0.00,-0.44,-0.09,-0.28,-0.01,-0.06,0.07,-0.00,0.00,0.01,0.00,0.00,0.00,0.00,0.00,-0.00,-0.00,0.00,0.00,-0.00,0.00,0.00,0.00,0.01,0.00,0.00,0.01,0.01,0.02,0.02,0.01,-0.08,-0.00,-0.00,0.00,-0.00,0.00,0.00,0.00,0.00,0.01,0.00,-0.00,0.00,-0.04,-0.03,-0.03,0.01,-0.65,-0.30,-0.15,-0.32,-0.58,-0.87,-0.06,-0.08,0.63,-0.05,-0.00,0.08,0.00,0.03,0.01,0.00,0.01,0.00,0.00,0.00,0.00,0.00,0.00,-0.00,0.00,0.00,-0.00,0.00,0.00,0.00,-0.00,-0.00,0.00,0.01,-0.00,0.00,0.00,0.00,0.00,0.00,0.00,0.00,0.00,0.01,0.00,0.01,-0.05,0.01,0.44,-0.04,-0.19,-0.13,-0.12,-1.90,-0.04,0.00,0.02,0.01,0.00,0.00,0.01,-0.00,-0.02,-0.14,1.14,-0.03,0.00,-0.00,0.00,0.02,-0.00,0.01,0.01,-0.03,-0.00,0.01,-0.02,-0.00,-0.00,-0.00,0.00,0.00,0.00,0.00,0.00,0.00,0.00,-0.00,0.00,0.00,0.00,0.00,0.00,-0.00,0.00,0.01,-0.00,0.00,0.01,-0.01,-0.00,0.00,0.01,0.00,0.01,0.01,0.01,0.00,0.01,0.00,-0.00,0.00,0.00,0.00,0.00,0.00,0.01,0.00,0.00,0.00,-0.00,0.00,0.00,0.00,0.00,0.00,0.00,0.00,0.00,-0.00,0.00,0.00,0.00,0.00,0.00,0.00,-0.00,0.00,-0.00,0.00,0.00,-0.00,0.00,0.00,0.00,0.00,-0.00,-0.00,0.00,0.00,0.00,0.00,0.00,0.00,0.00,0.00,-0.00,0.00,0.00,0.00,0.00,0.00,0.00,0.00,0.00,0.00,0.00,0.00,0.00,0.00
pose006,-0.00,-0.02,0.00,0.00,0.01,0.00,-0.02,-0.06,0.54,-0.00,0.07,0.00,0.00,0.00,0.02,0.01,0.00,0.00,0.00,0.02,0.00,0.01,0.00,0.00,0.00,0.00,0.00,0.00,0.00,-0.00,0.01,0.00,0.01,-0.00,0.00,0.00,-0.00,0.00,0.00,-0.00,0.00,0.00,0.00,0.00,0.00,0.00,0.00,0.00,0.00,-0.00,-0.01,0.00,0.03,-0.12,0.00,0.00,-0.00,0.00,0.00,0.00,0.01,0.00,0.01,0.02,0.00,0.01,-0.00,0.00,0.01,-0.03,-0.00,-0.00,0.02,-0.06,-0.00,0.01,-0.10,-0.45,-0.01,0.00,0.04,-0.00,0.04,0.01,-0.00,0.00,0.00,0.00,0.00,-0.01,-0.00,0.01,0.00,0.00,-0.00,0.00,0.00,0.00,0.00,0.00,0.00,0.00,0.00,0.00,0.00,-0.00,0.00,0.00,0.00,0.00,0.00,0.00,-0.00,0.00,0.00,0.00,0.00,0.00,0.00,0.00,0.00,0.00,0.00,-0.00,0.00,0.00,0.00,0.00,0.00,0.00,0.00,0.00,0.02,-0.01,-0.26,-0.13,-0.12,-0.70,-0.19,0.02,-0.00,-0.08,-0.00,0.00,0.01,0.01,-0.00,0.00,-0.00,-0.00,0.00,0.01,0.00,0.00,0.01,0.00,0.03,-0.00,0.01,-0.01,0.00,0.00,0.00,0.00,0.00,0.00,0.01,0.00,-0.01,-0.05,-0.02,0.00,-0.03,0.01,0.02,-0.00,-0.60,0.07,-0.24,-0.06,-0.01,0.02,0.00,0.00,0.00,0.00,0.00,0.00,0.00,-0.00,0.00,0.00,0.00,0.00,-0.00,-0.00,0.00,0.00,0.00,0.00,0.01,0.01,0.01,0.01,0.03,0.03,0.13,0.22,-0.01,-0.03,-0.08,0.00,-0.45,-0.00,-0.00,-0.00,0.00,0.00,0.00,0.00,0.00,0.00,0.00,-0.01,-0.02,-0.49,-0.76,-1.56,-0.53,0.05,-0.00,0.01,-0.00,-0.00,0.02,-0.01,-0.00,0.01,0.00,0.01,0.01,0.00,0.00,0.01,0.00,0.00,0.00,0.00,0.01,-0.00,0.00,-0.03,-0.01,-0.00,0.01,-0.06,-0.00,0.00,0.02,0.00,-0.00,0.00,0.00,-0.00,0.00,0.01,0.00,0.00,0.00,0.00,0.00,0.00,0.00,0.00,0.01,0.00,0.01,0.01,0.00,-0.06,-0.05,-0.39,-0.61,0.02,-0.07,-1.59,-0.00,-0.27,-0.01,0.01,0.02,-0.00,0.00,0.00,0.00,0.00,0.00,0.00,0.00,0.00,0.00,-0.00,-0.00,0.00,0.00,0.00,0.00,0.00,0.00,0.00,0.00,0.00,0.00,0.00,0.00,0.00,0.00,0.00,0.00,0.00,0.00,0.00,-0.00,0.00,0.00,-0.00,-0.00,0.00,0.00,0.00,0.00,0.00,0.00,0.00,0.00,0.00,0.00,0.00,-0.00,0.00,0.00,0.00,0.00,0.00,0.00,-0.00,0.00,0.00,0.00,0.00,0.00,0.00,0.00,0.00,0.00,0.00,0.00,0.00,0.00,0.00,0.00,0.00,-0.00,0.00,0.00,0.00,0.00,0.00,0.00,0.00,0.00,0.00,-0.00,0.00,-0.00,0.00,0.00,0.01,-0.00,-0.00,0.00,0.00,0.01,0.00,0.00,0.00,0.00,0.00,0.00,0.00,0.00,0.00,-0.00,0.00,0.00,0.00
pose007,-0.01,-0.02,0.00,0.00,0.00,0.00,0.00,0.00,0.00,-0.00,0.01,0.00,0.00,0.00,0.00,0.00,0.00,0.00,0.00,0.00,0.00,0.00,0.00,0.00,0.00,0.00,0.00,0.00,0.00,0.00,0.00,0.00,0.00,-0.00,0.00,0.00,0.00,0.00,0.00,0.00,0.00,0.00,0.00,0.00,0.00,0.00,0.00,0.00,0.00,0.00,-0.00,0.00,0.00,0.00,0.00,0.00,0.00,0.00,0.00,0.00,-0.00,0.00,0.00,0.00,0.00,0.00,0.00,0.00,0.00,0.00,0.00,0.00,0.00,-0.00,0.00,0.00,0.01,0.00,0.00,0.00,0.00,0.00,0.00,0.00,0.00,0.00,0.00,0.00,0.00,0.00,0.00,0.00,0.00,0.00,0.00,0.00,0.00,0.00,0.00,0.00,0.00,0.00,0.00,0.00,0.00,0.00,0.00,0.00,0.00,0.00,0.00,0.00,0.00,0.00,0.00,0.00,0.00,0.00,0.00,0.00,0.00,0.00,0.00,0.00,0.00,0.00,0.00,0.00,0.00,0.00,0.00,0.00,0.00,0.00,0.00,0.01,0.00,0.01,-0.00,0.01,0.00,-0.00,-0.00,0.00,0.00,0.00,-0.00,0.00,0.00,0.00,0.01,0.00,0.00,0.00,0.01,0.00,0.02,-0.02,0.15,-1.34,-0.62,-0.88,-0.63,-0.26,-0.05,-0.03,0.01,-1.97,-0.15,-0.10,-0.01,0.01,-0.01,0.00,0.00,0.00,0.00,0.02,-0.02,-0.46,-0.11,-0.32,0.00,-0.01,0.05,-0.00,0.00,0.01,0.00,0.00,0.00,0.00,0.00,-0.00,-0.00,0.00,0.00,-0.00,0.00,0.00,0.00,0.01,0.00,0.00,0.01,0.01,0.01,0.02,0.00,-0.13,-0.01,-0.00,0.00,-0.00,0.00,0.00,0.00,0.00,0.01,0.00,-0.00,0.00,-0.03,-0.04,-0.13,0.07,-0.30,-0.10,-0.07,0.01,-0.20,-0.24,-0.04,-0.48,0.20,-0.01,0.00,0.11,0.00,0.02,0.01,0.00,0.00,0.00,0.00,-0.00,-0.00,0.00,0.00,0.00,-0.00,0.00,0.00,0.00,0.00,0.00,-0.00,-0.00,0.01,0.01,-0.01,-0.00,0.00,0.00,0.00,0.00,0.00,0.00,0.00,0.01,0.00,0.01,-0.28,0.02,1.16,-0.06,-0.65,-0.50,-0.14,-1.65,-0.02,0.00,0.01,0.01,0.00,0.00,0.01,-0.00,-0.02,-0.16,1.80,-0.01,0.01,-0.00,0.00,0.04,-0.00,-0.00,0.01,-0.06,-0.01,0.02,-0.09,-0.00,-0.00,-0.00,0.00,0.00,0.00,0.00,-0.00,0.00,0.00,0.00,0.00,0.00,0.00,0.00,0.00,0.00,0.00,0.01,-0.00,0.00,0.00,-0.02,-0.00,0.00,0.06,-0.00,0.00,0.01,0.01,0.00,0.01,-0.02,-0.01,-0.00,0.00,0.00,0.00,0.00,0.02,0.00,0.01,-0.00,0.00,0.00,0.00,0.00,0.00,0.00,0.00,0.00,0.00,-0.00,0.00,0.00,0.00,-0.00,0.00,0.00,0.00,0.00,0.00,0.00,0.00,0.00,0.00,0.00,0.00,0.00,-0.00,0.00,0.00,0.00,0.00,0.00,0.00,0.00,0.00,0.00,0.00,0.00,0.00,0.00,0.00,0.00,0.00,0.00,0.00,0.00,0.00,0.00,0.00,0.00
pose008,-0.01,-0.02,0.00,-0.00,0.01,-0.02,-0.00,-0.05,0.19,0.00,0.21,0.00,0.00,0.00,0.02,0.01,0.00,0.01,0.01,0.02,0.00,0.01,0.00,-0.00,0.00,0.00,-0.00,0.00,0.00,0.00,0.01,0.00,0.01,-0.01,0.00,0.00,0.00,0.00,0.00,0.00,0.00,0.00,-0.00,0.00,0.00,0.00,0.00,0.00,0.00,-0.00,-0.01,0.01,0.04,-0.34,0.00,0.00,0.00,0.00,0.00,0.00,0.01,0.00,0.01,0.02,0.00,0.01,-0.00,0.00,0.01,-0.03,-0.01,-0.00,0.02,-0.06,-0.00,0.01,-0.17,-0.47,-0.01,0.01,0.04,0.00,0.05,0.01,-0.00,0.00,-0.00,0.00,0.00,-0.01,0.00,0.01,0.01,-0.00,-0.00,0.00,0.00,0.00,0.00,0.00,0.00,-0.00,-0.00,0.00,0.00,0.00,0.00,0.00,0.00,0.00,0.00,0.00,-0.00,0.00,0.00,-0.00,0.00,0.00,-0.00,0.00,0.00,-0.00,0.00,0.00,0.00,0.00,0.00,-0.00,0.00,0.00,0.00,0.00,0.03,-0.01,-0.39,-0.72,-0.56,-1.20,-0.41,0.02,-0.02,-0.12,-0.00,0.00,0.01,0.00,-0.00,0.00,0.00,0.00,0.00,0.00,0.00,0.00,0.01,0.00,0.02,-0.00,0.01,-0.01,0.00,0.00,0.00,0.00,0.00,0.00,0.00,0.00,-0.00,-0.03,-0.01,0.01,-0.02,0.01,0.01,0.00,-0.37,-0.11,-0.13,-0.03,-0.01,0.02,0.00,-0.00,-0.00,-0.00,0.00,0.00,0.00,0.00,0.00,0.00,0.00,-0.00,0.00,0.00,0.00,0.00,0.00,0.00,0.01,0.01,0.00,0.01,0.03,0.03,0.13,0.22,-0.01,-0.03,-0.04,-0.00,-0.47,-0.00,0.00,-0.00,-0.00,0.00,0.00,0.00,0.00,0.00,0.00,-0.01,0.01,-0.07,-0.61,-1.02,-0.43,0.09,0.00,0.01,-0.00,-0.00,0.02,-0.01,-0.00,0.01,0.00,0.01,0.01,0.00,0.00,0.00,-0.00,0.00,0.00,0.00,0.01,-0.00,0.00,-0.03,-0.01,-0.00,0.00,-0.07,-0.00,0.00,0.02,0.00,-0.00,0.00,0.00,0.00,-0.00,0.01,0.00,-0.00,0.00,0.00,0.00,0.00,0.00,0.00,0.01,0.00,0.00,0.01,0.00,-0.04,-0.05,-0.25,-0.62,-0.13,-0.07,-1.55,-0.00,-0.13,-0.01,0.00,0.02,-0.00,0.00,-0.00,0.00,0.00,0.00,0.00,0.00,0.00,-0.00,0.00,-0.00,-0.00,-0.00,0.00,0.00,0.00,0.00,0.00,0.00,-0.00,0.00,-0.00,0.00,0.00,0.00,0.00,0.00,0.00,0.00,0.00,-0.00,0.00,0.00,-0.00,0.00,-0.00,0.00,0.00,0.00,0.00,0.00,-0.00,-0.00,-0.00,0.00,0.00,0.00,0.00,0.00,0.00,0.00,0.00,-0.00,0.00,0.00,0.00,0.00,0.00,0.00,0.00,0.00,0.00,0.00,-0.00,0.00,0.00,0.00,0.00,0.00,0.00,-0.00,0.00,0.00,0.00,-0.00,0.00,0.00,0.00,0.00,0.00,-0.00,-0.00,0.00,0.00,0.00,0.01,-0.00,-0.00,0.00,0.00,0.01,0.00,0.00,0.00,0.00,0.00,0.00,0.00,0.00,0.00,0.00,0.00,0.00,0.00
pose009,-0.01,-0.02,0.00,0.00,0.01,0.01,0.03,-0.02,0.42,0.00,0.04,0.00,0.01,0.00,0.03,0.00,0.00,0.00,0.01,0.02,0.00,0.01,0.00,0.00,-0.00,0.00,-0.00,0.00,0.00,0.00,0.01,0.00,0.01,-0.00,0.00,-0.00,0.00,0.00,0.00,0.00,0.00,0.00,0.00,0.00,0.00,0.00,0.00,0.00,0.00,-0.00,-0.00,0.00,0.03,-0.02,0.00,0.00,-0.00,0.00,0.00,0.00,0.01,0.00,0.00,0.02,0.00,0.00,0.00,0.00,0.01,-0.01,-0.00,0.00,0.01,-0.02,0.00,0.01,0.00,-0.15,-0.00,0.00,0.02,-0.00,0.03,0.01,-0.00,0.00,0.00,0.00,0.00,-0.00,0.00,0.00,0.00,0.00,0.00,0.00,0.00,-0.00,0.00,0.00,0.00,0.00,0.00,-0.00,0.00,0.00,0.00,0.00,0.00,0.00,0.00,0.00,-0.00,0.00,0.00,-0.00,0.00,0.00,0.00,0.00,0.00,-0.00,0.00,0.00,0.00,0.00,0.00,0.00,0.00,0.00,0.00,0.00,0.02,0.03,-0.21,0.01,-0.07,-0.90,-0.11,0.04,0.01,-0.05,-0.00,0.00,0.01,0.00,-0.00,0.00,-0.00,-0.00,0.00,0.01,0.00,-0.00,0.01,-0.00,0.05,-0.01,0.01,-0.01,0.00,0.00,0.00,-0.00,0.00,0.00,0.01,0.00,-0.01,-0.07,-0.04,0.02,-0.06,0.01,0.04,-0.11,-0.37,-1.85,-0.23,-0.06,-0.02,0.02,0.00,-0.00,0.00,0.00,0.00,0.00,0.00,-0.00,0.00,-0.00,0.00,0.00,0.00,0.00,0.00,0.00,0.00,0.00,0.01,0.01,0.00,0.01,0.03,0.02,0.10,0.19,-0.02,-0.02,-0.13,0.01,-0.42,-0.01,-0.00,-0.00,0.00,0.00,0.00,0.00,0.00,0.00,0.00,-0.00,0.02,-0.27,-1.04,-1.31,-0.15,0.06,0.00,0.01,-0.00,-0.00,0.02,-0.01,-0.00,0.01,0.00,0.01,0.01,0.00,0.00,0.00,0.00,0.00,0.00,0.00,0.00,-0.00,0.00,-0.02,-0.01,0.00,0.00,-0.05,-0.00,0.00,0.02,0.00,-0.00,0.00,0.00,0.00,0.00,0.00,0.00,0.00,0.00,0.00,0.00,-0.00,0.00,0.00,0.01,0.00,0.01,0.01,0.00,-0.05,-0.02,-0.33,-0.62,-0.06,-0.03,-1.18,-0.00,-0.34,-0.01,0.01,0.02,-0.00,0.00,0.00,0.00,0.00,0.00,0.00,0.00,-0.00,-0.00,0.00,-0.00,0.00,0.00,0.00,0.00,0.00,0.00,0.00,0.00,0.00,0.00,0.00,-0.00,0.00,0.00,0.00,0.00,0.00,-0.00,0.00,-0.00,0.00,-0.00,0.00,-0.00,0.00,0.00,0.00,0.00,0.00,0.00,0.00,-0.00,0.00,0.00,0.00,0.00,0.00,0.00,0.00,0.00,0.00,0.00,0.00,0.00,0.00,0.00,0.00,0.00,0.00,0.00,0.00,0.00,0.00,0.00,0.00,0.00,0.00,0.00,0.00,0.00,0.00,0.00,0.00,0.00,0.00,0.00,0.00,0.00,0.00,-0.00,-0.00,0.00,0.00,0.00,0.00,-0.00,0.00,0.00,0.00,0.01,0.00,0.00,0.00,0.00,0.00,0.00,0.00,0.00,0.00,-0.00,0.00,0.00,0.00
pose010,-0.01,-0.02,0.00,0.00,0.00,0.00,-0.00,0.00,0.01,0.00,0.01,0.00,0.00,0.00,0.00,0.00,0.00,0.00,0.00,0.00,0.00,-0.00,0.00,0.00,0.00,0.00,0.00,0.00,0.00,0.00,0.00,0.00,0.00,0.00,0.00,0.00,0.00,0.00,0.00,0.00,0.00,0.00,0.00,0.00,0.00,0.00,0.00,0.00,0.00,0.00,0.00,0.00,0.00,0.00,0.00,0.00,0.00,0.00,0.00,0.00,0.00,0.00,0.00,0.00,0.00,0.00,0.00,0.00,0.00,0.00,0.00,0.00,0.00,-0.00,-0.00,0.00,0.01,0.00,0.00,0.00,0.00,0.00,0.00,0.00,0.00,0.00,0.00,0.00,0.00,0.00,0.00,0.00,0.00,0.00,0.00,0.00,0.00,0.00,0.00,0.00,0.00,0.00,0.00,0.00,0.00,0.00,0.00,0.00,0.00,-0.00,0.00,0.00,0.00,0.00,0.00,0.00,0.00,0.00,0.00,0.00,0.00,0.00,0.00,0.00,0.00,0.00,0.00,0.00,-0.00,0.00,0.00,0.00,0.00,0.00,0.01,0.01,0.00,0.02,-0.00,0.01,0.00,-0.00,-0.00,0.00,0.00,0.00,-0.00,0.00,0.00,0.00,0.01,0.00,0.00,0.00,0.01,0.00,0.02,-0.03,0.12,-1.73,-0.63,-0.19,-0.50,-0.81,-0.03,-0.04,0.01,-1.70,-0.19,-0.20,-0.01,0.01,-0.01,0.00,0.00,0.00,0.00,0.01,-0.01,-0.58,-0.11,-0.15,0.00,-0.01,0.06,0.00,0.00,0.01,0.00,0.00,0.00,-0.00,0.00,-0.00,-0.00,0.00,0.00,0.00,0.00,0.00,0.00,0.00,0.00,0.00,0.01,0.01,0.02,0.02,0.00,-0.11,-0.00,-0.00,0.00,-0.00,0.00,-0.00,0.00,0.00,0.01,0.00,-0.00,0.00,-0.03,-0.03,-0.08,0.01,-0.82,0.03,-0.34,-0.15,-0.42,-0.70,-0.07,-0.21,0.28,-0.03,-0.00,0.10,0.00,0.02,0.01,0.00,0.00,0.00,0.00,0.00,0.00,0.00,0.00,-0.00,0.00,0.00,-0.00,-0.00,0.00,0.00,-0.00,-0.00,0.01,0.01,-0.00,0.00,0.00,0.00,0.00,0.00,0.00,0.00,0.00,0.01,0.00,0.01,-0.11,0.03,1.27,-0.04,-0.47,-0.55,-0.16,-0.95,-0.02,0.01,0.01,0.01,0.00,0.00,0.01,-0.00,-0.01,-0.14,0.16,-0.02,0.01,0.00,0.01,0.03,-0.00,-0.14,-0.09,-0.31,-0.02,0.02,-0.11,-0.00,-0.00,-0.00,0.00,0.00,0.00,0.00,0.00,0.00,0.00,-0.00,0.00,0.00,0.00,0.00,0.00,-0.00,0.00,0.01,-0.00,0.00,0.01,-0.01,-0.00,0.00,0.04,-0.00,0.01,0.01,0.01,0.00,0.01,-0.01,-0.01,0.00,0.00,0.00,0.00,0.00,0.02,0.00,0.01,0.00,0.00,0.00,0.00,-0.00,0.00,0.00,0.00,0.00,0.00,0.00,0.00,0.00,0.00,0.00,0.00,0.00,0.00,0.00,0.00,0.00,0.00,0.00,0.00,0.00,-0.00,0.00,-0.00,0.00,0.00,0.00,0.00,0.00,0.00,-0.00,0.00,0.00,0.00,0.00,0.00,0.00,0.00,0.00,0.00,0.00,0.00,0.00,0.00,0.00,0.00,0.00
