POSE,A-ACE-90,A-ASP-91,A-TYR-92,A-GLU-93,A-SER-94,A-ARG-95,A-THR-96,A-NME-96,A-ACE-116,A-ASP-117,A-TRP-118,A-NME-118,A-ACE-132,A-PRO-133,A-NME-133,A-ACE-134,A-ASN-135,A-TYR-136,A-NME-136,A-ACE-156,A-GLU-157,A-NME-157,A-ACE-159,A-ARG-160,A-LEU-161,A-NME-161,A-ACE-162,A-LEU-163,A-ASN-164,A-ALA-165,A-GLU-166,A-NME-166,A-ACE-246,A-THR-247,A-SER-248,A-LYS-249,A-PRO-250,A-GLN-251,A-THR-252,A-GLN-253,A-GLY-254,A-LEU-255,A-ALA-256,A-LYS-257,A-ASP-258,A-ALA-259,A-TRP-260,A-GLU-261,A-ILE-262,A-PRO-263,A-ARG-264,A-GLU-265,A-SER-266,A-LEU-267,A-ARG-268,A-LEU-269,A-GLU-270,A-VAL-271,A-LYS-272,A-LEU-273,A-GLY-274,A-GLN-275,A-GLY-276,A-CYS-277,A-PHE-278,A-GLY-279,A-GLU-280,A-VAL-281,A-TRP-282,A-MET-283,A-GLY-284,A-THR-285,A-TRP-286,A-ASN-287,A-GLY-288,A-THR-289,A-THR-290,A-ARG-291,A-VAL-292,A-ALA-293,A-ILE-294,A-LYS-295,A-THR-296,A-LEU-297,A-LYS-298,A-PRO-299,A-GLY-300,A-THR-301,A-MET-302,A-SER-303,A-PRO-304,A-GLU-305,A-ALA-306,A-PHE-307,A-LEU-308,A-GLN-309,A-GLU-310,A-ALA-311,A-GLN-312,A-VAL-313,A-MET-314,A-LYS-315,A-LYS-316,A-LEU-317,A-ARG-318,A-HIS-319,A-GLU-320,A-LYS-321,A-LEU-322,A-VAL-323,A-GLN-324,A-LEU-325,A-TYR-326,A-ALA-327,A-VAL-328,A-VAL-329,A-SER-330,A-GLU-331,A-GLU-332,A-PRO-333,A-ILE-334,A-TYR-335,A-ILE-336,A-VAL-337,A-THR-338,A-GLU-339,A-TYR-340,A-MET-341,A-SER-342,A-LYS-343,A-GLY-344,A-SER-345,A-LEU-346,A-LEU-347,A-ASP-348,A-PHE-349,A-LEU-350,A-LYS-351,A-GLY-352,A-GLU-353,A-THR-354,A-GLY-355,A-LYS-356,A-TYR-357,A-LEU-358,A-ARG-359,A-LEU-360,A-PRO-361,A-GLN-362,A-LEU-363,A-VAL-364,A-ASP-365,A-MET-366,A-ALA-367,A-ALA-368,A-GLN-369,A-ILE-370,A-ALA-371,A-SER-372,A-GLY-373,A-MET-374,A-ALA-375,A-TYR-376,A-VAL-377,A-GLU-378,A-NME-378,A-ACE-379,A-MET-380,A-ASN-381,A-TYR-382,A-VAL-383,A-HIS-384,A-ARG-385,A-ASP-386,A-LEU-387,A-ARG-388,A-ALA-389,A-ALA-390,A-ASN-391,A-ILE-392,A-LEU-393,A-VAL-394,A-GLY-395,A-GLU-396,A-ASN-397,A-LEU-398,A-VAL-399,A-CYS-400,A-LYS-401,A-VAL-402,A-ALA-403,A-ASP-404,A-PHE-405,A-GLY-406,A-LEU-407,A-ALA-408,A-ARG-409,A-NME-409,A-ACE-423,A-PHE-424,A-PRO-425,A-ILE-426,A-LYS-427,A-TRP-428,A-THR-429,A-ALA-430,A-PRO-431,A-GLU-432,A-ALA-433,A-ALA-434,A-LEU-435,A-TYR-436,A-GLY-437,A-ARG-438,A-PHE-439,A-THR-440,A-ILE-441,A-LYS-442,A-SER-443,A-ASP-444,A-VAL-445,A-TRP-446,A-SER-447,A-PHE-448,A-GLY-449,A-ILE-450,A-LEU-451,A-LEU-452,A-THR-453,A-GLU-454,A-LEU-455,A-THR-456,A-THR-457,A-LYS-458,A-GLY-459,A-ARG-460,A-VAL-461,A-PRO-462,A-TYR-463,A-PRO-464,A-GLY-465,A-MET-466,A-VAL-467,A-ASN-468,A-ARG-469,A-GLU-470,A-VAL-471,A-LEU-472,A-ASP-473,A-GLN-474,A-VAL-475,A-GLU-476,A-NME-476,A-ACE-478,A-TYR-479,A-ARG-480,A-MET-481,A-PRO-482,A-NME-482,A-ACE-483,A-PRO-484,A-NME-484,A-ACE-494,A-MET-495,A-NME-495,A-ACE-497,A-CYS-498,A-TRP-499,A-NME-499,A-ACE-505,A-ARG-506,A-NME-506,A-ACE-508,A-PHE-509,A-NME-509,A-ACE-511,A-LEU-512,A-NME-512,A-ACE-515,A-LEU-516,A-NME-516
pose001,0.00,0.00,0.00,0.00,0.00,0.01,0.00,0.00,0.00,0.00,-0.00,0.00,0.00,0.00,0.00,0.00,0.00,0.00,0.00,0.00,0.00,0.00,0.00,0.01,-0.00,-0.00,0.00,0.00,0.00,-0.00,0.00,0.00,0.00,0.00,0.00,0.00,0.00,0.02,-0.00,0.01,0.00,-0.00,0.00,0.00,0.00,0.00,0.00,0.00,0.00,0.00,0.01,0.00,0.00,0.00,0.01,0.00,0.02,-0.02,0.13,-1.38,-0.28,-0.23,-0.21,-0.57,-0.52,-0.35,-0.09,-2.57,-0.13,-0.10,-0.01,0.01,-0.00,0.00,0.00,0.00,0.00,0.02,-0.02,-0.41,-0.07,1.06,-0.01,-0.10,0.09,-0.00,0.01,0.02,0.00,0.00,-0.00,0.00,0.00,-0.01,0.00,0.00,0.00,-0.00,0.00,0.00,0.00,0.00,0.00,0.00,0.01,0.01,0.01,0.02,0.01,-0.10,0.01,-0.01,-0.00,-0.00,0.00,0.00,0.00,0.00,0.02,0.01,-0.01,0.01,-0.04,-0.04,-0.09,0.01,-0.47,-0.31,-0.07,-0.01,-0.34,-1.00,-0.05,-0.40,0.44,-0.01,0.00,0.11,0.00,0.01,0.01,0.00,0.00,0.00,0.00,0.00,0.00,0.00,0.00,0.00,0.00,0.00,-0.00,-0.00,0.00,0.00,-0.00,-0.00,0.01,0.01,-0.01,-0.00,0.00,0.00,0.00,0.00,-0.00,0.00,0.00,0.00,0.01,-0.00,0.02,-0.12,0.02,0.93,-0.04,-0.47,-0.64,-0.14,-1.79,-0.03,0.00,0.01,0.01,0.00,0.00,0.02,0.01,-0.01,-0.15,1.14,-0.09,-0.00,0.00,-0.01,0.03,-0.00,0.01,0.01,-0.08,-0.00,0.02,-0.05,-0.00,-0.00,-0.00,0.00,0.00,0.00,0.00,0.00,0.00,0.00,-0.00,0.00,0.00,0.00,0.00,0.00,0.00,0.00,0.01,-0.00,0.00,0.01,-0.01,-0.00,0.00,0.04,-0.00,0.00,0.01,0.01,0.00,0.01,-0.00,-0.01,0.00,0.00,0.00,0.00,0.00,0.01,0.00,0.01,0.00,0.00,0.00,0.00,-0.00,0.00,0.00,0.00,0.00,0.00,0.00,0.00,0.00,0.00,0.00,0.00,0.00,0.00,0.00,0.00,0.00,0.00,0.00,0.00,0.00,0.00,0.00,-0.00,0.00,-0.00,0.00,0.00,0.00,0.00,0.00
pose002,0.00,0.00,0.00,0.00,0.00,0.00,0.00,0.00,0.00,0.00,0.00,0.00,0.00,0.00,-0.00,0.00,0.00,-0.00,0.00,0.00,-0.00,0.00,0.00,0.01,0.00,0.00,0.00,0.00,0.00,-0.00,0.00,0.00,-0.00,0.00,0.00,0.00,0.00,0.02,0.00,0.01,0.00,-0.00,0.00,0.00,0.00,0.00,-0.00,0.00,0.00,0.00,0.01,0.00,0.00,0.00,0.01,0.00,0.02,-0.02,0.14,-1.41,-0.19,-0.32,-0.18,-0.34,-0.46,-0.26,-0.05,-2.28,-0.12,-0.08,-0.01,0.00,-0.00,0.00,0.00,0.00,0.00,0.02,-0.00,-0.25,-0.05,1.09,-0.01,-0.09,0.09,-0.00,0.00,0.02,0.00,0.00,0.00,0.00,0.00,-0.01,-0.00,0.00,0.00,-0.00,0.00,0.00,0.00,0.00,0.00,0.00,0.01,0.01,0.01,0.02,0.01,-0.05,0.01,-0.00,-0.00,-0.00,0.00,0.00,0.00,0.00,0.02,0.00,-0.00,0.01,-0.04,-0.02,-0.00,0.03,-0.23,-0.16,-0.03,-0.01,-0.44,-1.15,-0.05,-0.40,0.59,-0.02,-0.00,0.11,0.00,0.01,0.01,0.00,0.00,0.00,0.00,0.00,-0.00,0.00,0.00,0.00,-0.00,0.00,0.00,-0.00,0.00,0.00,-0.00,-0.00,0.01,0.01,-0.01,-0.00,0.00,0.00,0.00,0.00,0.00,0.00,0.00,0.00,0.01,-0.01,0.02,-0.09,0.02,1.41,-0.04,-0.40,-0.90,-0.15,-1.49,-0.03,0.00,0.01,0.00,0.00,0.00,0.02,0.00,-0.00,-0.11,0.93,-0.08,-0.02,-0.00,-0.01,0.03,-0.00,-0.00,0.01,-0.11,-0.01,0.02,-0.06,-0.01,-0.00,-0.00,0.00,0.00,0.00,0.00,0.00,0.00,0.00,-0.00,0.00,0.00,0.00,0.00,-0.00,0.00,0.01,0.02,-0.00,0.00,0.01,-0.02,-0.00,0.00,0.03,0.00,0.01,0.01,0.01,0.00,0.01,-0.00,-0.01,0.00,0.00,0.00,0.00,0.00,0.02,0.00,0.01,0.00,0.00,0.00,0.00,0.00,0.00,0.00,0.00,0.00,0.00,0.00,0.00,0.00,0.00,0.00,0.00,0.00,0.00,0.00,0.00,0.00,0.00,0.00,0.00,0.00,0.00,0.00,-0.00,-0.00,0.00,0.00,0.00,0.00,0.00,0.00
pose003,0.00,0.00,0.00,0.00,0.00,0.01,0.00,0.00,0.00,0.00,-0.00,0.00,0.00,0.00,0.00,0.00,0.00,-0.00,0.00,0.00,-0.00,0.00,0.00,0.01,0.00,0.00,0.00,0.00,0.00,0.00,0.00,0.00,0.00,0.00,0.00,0.00,0.00,0.02,0.00,0.00,0.00,-0.00,-0.00,0.00,0.00,0.00,-0.00,0.00,0.00,0.00,0.01,0.00,0.00,0.00,0.01,0.00,0.02,-0.02,0.11,-1.46,-0.55,-0.49,-0.80,-0.31,-0.28,-0.16,-0.08,-2.01,-0.12,-0.09,-0.00,0.01,-0.00,0.00,0.00,0.00,0.00,0.01,-0.01,-0.44,-0.07,0.24,-0.01,-0.05,0.06,-0.00,0.00,0.02,0.00,0.00,-0.00,0.00,0.00,-0.01,-0.00,0.00,0.00,-0.00,0.00,0.00,0.00,0.00,0.00,0.00,0.01,0.01,0.01,0.02,0.01,-0.09,0.01,-0.00,-0.00,-0.00,0.00,-0.00,0.00,0.00,0.01,0.01,-0.00,0.01,-0.04,-0.03,-0.09,0.01,-0.35,-0.22,-0.04,-0.01,-0.27,-1.04,-0.04,-0.46,0.48,-0.01,0.00,0.12,0.00,0.01,0.01,0.00,0.00,0.00,0.00,0.00,0.00,0.00,0.00,0.00,0.00,-0.00,0.00,-0.00,0.00,0.00,-0.00,-0.00,0.01,0.01,-0.01,-0.00,0.00,0.00,0.00,0.00,0.00,0.00,0.00,0.00,0.02,0.01,0.04,-0.83,0.02,2.66,-0.02,-0.74,-0.77,-0.13,-1.77,-0.03,0.00,0.01,0.00,0.00,0.00,0.02,0.01,0.01,-0.11,1.53,-0.05,0.00,0.01,0.00,0.06,-0.00,-0.03,0.04,-0.06,-0.01,0.02,-0.09,-0.01,-0.00,-0.00,0.00,0.00,0.00,0.00,0.00,0.00,0.00,-0.00,0.00,0.00,0.00,0.01,-0.00,-0.00,0.01,0.02,-0.01,0.00,0.01,-0.02,-0.00,0.00,0.03,0.00,0.00,0.01,0.01,0.00,0.01,-0.01,-0.01,0.00,0.00,0.00,-0.00,0.00,0.02,0.00,0.01,0.00,0.00,0.00,0.00,-0.00,-0.00,0.00,0.00,0.00,0.00,0.00,0.00,0.00,0.00,0.00,0.00,0.00,0.00,0.00,0.00,0.00,0.00,0.00,0.00,0.00,-0.00,0.00,-0.00,-0.00,0.00,0.00,0.00,0.00,0.00,0.00
pose004,0.00,0.00,0.00,0.00,0.00,0.01,0.00,0.00,0.00,0.00,0.00,0.00,0.00,0.00,0.00,0.00,0.00,0.00,0.00,0.00,0.00,-0.00,0.00,0.01,0.00,0.00,0.00,-0.00,0.00,0.00,0.00,0.00,0.00,0.00,0.00,0.00,0.00,0.02,-0.00,0.01,0.01,-0.00,-0.00,0.00,0.00,0.00,-0.00,0.00,0.00,0.00,0.01,0.00,0.00,0.00,0.01,-0.00,0.02,-0.02,0.12,-1.23,-0.37,-0.42,-0.82,-0.32,-0.44,-0.17,-0.27,-2.45,-0.13,-0.09,-0.01,0.01,-0.00,0.00,0.00,0.00,0.00,0.02,-0.03,-0.48,-0.10,-0.41,-0.01,-0.08,0.07,-0.00,0.01,0.02,0.00,0.00,-0.00,0.00,0.00,-0.01,-0.00,0.00,0.00,-0.00,0.00,0.00,0.00,0.00,0.01,0.00,0.01,0.01,0.01,0.02,0.00,-0.17,0.00,-0.01,-0.00,-0.00,0.00,0.00,0.00,0.00,0.01,0.01,-0.01,0.01,-0.05,-0.06,-0.04,0.02,-0.44,-0.24,-0.04,-0.00,-0.24,-0.83,-0.04,-0.58,0.40,-0.01,0.00,0.12,0.00,0.01,0.01,0.00,0.00,0.00,0.00,0.00,0.00,0.00,0.00,0.00,0.00,0.00,0.00,-0.00,0.00,0.00,-0.00,-0.00,0.01,0.00,-0.01,-0.00,0.00,0.00,0.00,0.00,0.00,0.00,0.00,0.00,0.01,0.00,0.02,-0.28,0.02,1.48,-0.04,-1.19,-0.65,-0.12,-1.85,-0.02,0.00,0.01,0.00,0.00,0.00,0.01,0.00,-0.01,-0.17,1.80,-0.05,0.01,0.00,0.00,0.04,-0.00,0.01,0.02,-0.07,-0.01,0.02,-0.09,-0.01,-0.00,0.00,0.00,0.00,0.00,0.00,0.00,0.00,0.00,-0.00,0.00,-0.00,0.00,0.00,0.00,0.00,0.01,0.01,-0.00,0.00,0.00,-0.02,-0.00,0.00,0.06,0.00,0.00,0.01,0.01,0.00,0.01,-0.01,-0.01,0.00,0.00,0.00,0.00,0.00,0.02,0.00,0.00,0.00,0.00,0.00,0.00,0.00,0.00,0.00,0.00,0.00,0.00,0.00,0.00,0.00,0.00,0.00,0.00,0.00,0.00,0.00,0.00,0.00,0.00,0.00,0.00,0.00,0.00,0.00,-0.00,-0.00,0.00,0.00,0.00,0.00,0.00,0.00
pose005,0.00,0.00,0.00,0.01,0.00,0.01,-0.00,0.00,-0.00,0.00,-0.00,0.00,0.00,-0.00,0.00,0.00,0.00,0.00,0.00,0.00,-0.00,0.00,0.00,0.01,0.00,0.00,0.00,0.00,0.00,0.00,0.01,0.00,0.00,0.00,0.01,0.01,0.00,0.02,-0.00,0.01,0.01,-0.00,0.00,0.00,0.00,0.00,-0.00,0.00,0.00,0.00,0.01,0.01,0.00,0.00,0.01,0.00,0.03,-0.08,0.12,-2.60,-0.57,-0.32,-0.30,-0.04,0.00,-0.02,-0.00,-2.14,-0.14,-0.16,-0.01,0.01,-0.00,0.00,0.00,0.01,0.00,0.02,-0.05,-0.62,-0.13,-0.55,0.01,-0.01,0.03,-0.00,0.00,0.01,0.00,0.00,0.00,0.00,0.00,-0.00,0.00,0.00,0.00,-0.00,0.00,0.00,0.00,0.00,0.00,0.00,0.01,0.01,0.02,0.02,-0.00,-0.23,0.00,-0.01,-0.00,-0.00,0.00,0.00,0.00,0.00,0.01,0.00,-0.00,-0.01,-0.03,-0.08,0.24,0.00,-0.32,-0.24,-0.11,-0.19,-0.77,-1.37,-0.07,-0.12,0.92,-0.04,-0.00,0.09,0.00,0.02,0.01,0.00,0.01,0.00,0.00,0.00,-0.00,0.00,0.00,0.00,0.00,0.00,-0.00,-0.00,0.00,0.00,-0.00,-0.00,0.01,0.01,-0.00,0.00,0.00,0.00,0.00,0.00,0.00,-0.00,0.00,0.00,0.01,0.00,0.01,-0.02,0.01,0.23,-0.06,-0.40,-0.24,-0.15,-1.77,-0.03,0.00,0.02,0.01,0.00,0.00,0.02,0.00,-0.05,-0.36,3.25,-0.00,0.01,-0.00,0.00,0.02,-0.00,0.01,0.01,-0.01,0.00,0.01,-0.02,-0.00,-0.00,0.00,0.00,0.00,0.00,0.00,0.00,0.00,0.00,-0.00,0.00,-0.00,0.00,0.00,0.00,-0.00,0.00,0.01,-0.00,0.00,0.01,-0.01,-0.00,0.00,0.01,0.00,0.00,0.01,0.01,0.00,0.01,0.00,-0.00,0.00,0.00,0.00,-0.00,0.00,0.01,-0.00,0.00,0.00,0.00,0.00,0.00,-0.00,0.00,0.00,0.00,0.00,0.00,0.00,0.00,0.00,0.00,0.00,0.00,0.00,0.00,0.00,0.00,0.00,0.00,0.00,0.00,0.00,-0.00,0.00,-0.00,0.00,0.00,0.00,-0.00,0.00,0.00,0.00
pose006,0.00,0.00,-0.00,0.00,0.00,0.00,0.00,0.00,0.00,0.00,0.00,0.00,-0.00,0.00,0.00,0.00,0.00,0.00,0.00,0.00,0.00,0.00,0.00,0.01,0.00,0.00,0.00,0.00,0.00,0.00,0.00,0.00,0.00,0.00,0.00,0.00,0.00,0.01,0.00,0.01,0.00,-0.00,0.00,0.00,0.00,0.00,0.00,0.00,0.00,0.00,0.01,0.00,0.00,0.00,0.01,0.00,0.02,-0.02,0.11,-1.55,-0.45,-0.27,-0.84,-0.33,-0.19,-0.14,-0.07,-1.79,-0.09,-0.06,-0.00,0.00,-0.00,0.00,0.00,0.00,0.00,0.01,0.00,-0.12,-0.03,0.44,-0.00,-0.04,0.06,-0.00,0.00,0.02,0.00,0.00,-0.00,0.00,0.00,-0.00,-0.00,0.00,0.00,-0.00,0.00,0.00,-0.00,0.00,0.00,0.00,0.00,0.01,0.01,0.02,0.01,-0.02,0.01,-0.00,-0.00,-0.00,0.00,0.00,0.00,0.00,0.01,0.00,-0.00,0.01,-0.03,-0.01,0.01,0.03,-0.12,-0.10,-0.02,-0.01,-0.41,-1.30,-0.06,-0.43,0.70,-0.02,-0.00,0.13,0.00,0.01,0.01,0.00,0.00,0.00,0.00,0.00,0.00,0.00,0.00,0.00,0.00,0.00,-0.00,-0.00,0.00,0.00,-0.00,-0.00,0.01,0.01,-0.01,-0.00,0.00,0.00,0.00,0.00,0.00,0.00,0.00,0.00,0.02,-0.00,0.03,-0.75,0.02,2.06,-0.06,-0.77,-0.47,-0.14,-1.35,-0.03,0.00,0.01,0.00,0.00,0.00,0.02,0.00,0.01,-0.06,1.15,-0.05,0.01,0.00,0.00,0.06,-0.00,-0.09,0.03,-0.07,-0.01,0.03,-0.10,-0.01,-0.00,0.00,0.00,0.00,0.00,-0.00,0.00,0.00,0.00,-0.00,0.00,0.00,0.00,0.00,-0.00,-0.00,0.01,0.02,-0.00,0.00,0.01,-0.02,-0.00,0.01,0.04,-0.00,0.00,0.01,0.02,0.00,0.01,-0.01,-0.01,0.00,0.00,0.00,0.00,0.00,0.02,0.00,0.01,0.00,0.00,0.00,0.00,-0.00,-0.00,0.00,0.00,0.00,0.00,0.00,0.00,0.00,0.00,0.00,0.00,0.00,0.00,0.00,0.00,0.00,0.00,0.00,0.00,0.01,0.00,0.00,-0.00,0.00,-0.00,0.00,0.00,0.00,0.00,0.00
pose007,0.00,0.00,-0.00,0.00,0.00,0.00,0.00,-0.00,0.00,0.00,-0.00,0.00,0.00,0.00,0.00,0.00,0.00,0.00,0.00,0.00,-0.00,0.00,0.00,0.00,0.00,0.00,0.00,0.00,0.00,0.00,0.00,0.00,0.00,0.00,0.00,0.00,0.00,0.01,0.00,0.00,0.00,0.00,0.00,0.00,0.00,0.00,0.00,0.01,0.00,-0.00,0.01,0.00,0.00,0.00,0.01,0.00,0.02,-0.01,0.12,-0.70,-0.62,-0.36,-0.76,-0.71,-0.41,-0.27,-0.13,-1.65,-0.09,-0.03,-0.00,0.00,-0.00,0.00,0.00,0.00,0.00,0.01,0.00,-0.04,-0.04,0.55,-0.01,-0.08,0.08,-0.00,0.01,0.02,0.00,0.00,0.00,0.00,0.00,-0.01,-0.00,0.00,0.00,-0.00,0.00,0.00,-0.00,0.00,0.00,0.00,0.00,0.01,0.01,0.02,0.01,-0.01,0.01,-0.00,-0.00,-0.00,0.00,0.00,0.00,0.00,0.01,0.01,-0.00,0.01,-0.04,-0.01,0.02,0.02,-0.01,-0.00,0.01,0.02,-0.06,-0.45,-0.03,-0.43,0.34,-0.01,0.00,0.12,0.00,0.01,0.01,0.00,0.00,0.00,0.00,-0.00,0.00,0.00,0.00,0.00,0.00,0.00,0.00,-0.00,0.00,0.00,-0.00,-0.00,0.00,0.01,-0.01,-0.00,0.00,0.00,0.00,0.00,0.00,0.00,0.00,0.00,0.02,-0.01,0.03,-0.11,0.02,-0.09,-0.05,-0.52,-0.78,-0.12,-0.72,-0.02,0.00,0.01,0.00,0.00,0.00,0.02,0.01,0.01,-0.06,0.93,-0.09,-0.02,0.00,0.00,0.06,-0.00,-0.01,-0.12,-0.75,-0.04,0.02,-0.51,-0.01,-0.00,-0.00,0.00,0.01,0.00,0.00,0.00,0.00,0.00,-0.00,0.00,0.00,0.00,0.00,-0.00,0.00,0.01,0.02,-0.00,0.00,0.00,-0.02,-0.00,0.00,0.08,0.00,0.01,0.01,0.02,0.00,0.01,-0.05,-0.02,0.01,0.00,0.00,0.00,0.01,0.03,0.00,0.01,-0.00,0.00,0.00,0.00,-0.00,0.00,0.00,0.00,0.00,0.00,0.00,0.00,0.00,0.00,0.00,0.00,0.00,0.00,0.00,0.00,0.00,0.00,0.00,0.00,0.01,0.00,0.00,-0.00,-0.00,0.00,0.00,0.00,0.00,0.00,0.00
pose008,0.00,0.00,0.00,0.01,0.00,0.01,0.00,0.00,0.00,0.00,0.00,0.00,0.00,-0.00,0.00,-0.00,0.00,0.00,0.00,0.00,0.00,0.00,0.00,0.01,0.00,0.00,0.00,0.00,0.01,0.00,0.01,0.00,0.00,0.01,0.01,0.01,0.00,0.02,-0.00,0.01,0.00,-0.00,0.00,-0.00,0.00,0.00,-0.00,0.00,0.00,-0.00,0.00,0.00,0.00,0.00,0.02,0.01,0.04,-0.84,0.09,-3.22,-0.17,0.00,0.01,0.00,0.01,0.01,0.03,-1.06,-0.12,-0.43,-0.01,0.01,-0.00,0.00,0.01,0.01,0.01,0.03,-0.02,-0.49,-0.08,-0.02,0.00,-0.00,0.01,-0.00,0.00,0.00,0.00,0.00,0.00,0.00,0.00,0.00,-0.00,0.00,0.00,0.00,0.00,0.00,0.00,0.00,0.00,0.00,0.00,0.01,0.02,0.02,0.00,-0.10,0.00,-0.00,-0.00,-0.00,0.00,-0.00,0.00,-0.00,0.00,0.00,-0.00,0.00,-0.01,-0.03,-0.07,0.00,-0.14,-0.31,-0.14,-0.48,-1.09,-0.90,-0.06,-0.05,-0.21,-0.27,-0.00,0.09,0.00,0.04,-0.14,0.00,0.01,0.01,-0.00,0.00,0.00,0.00,0.01,-0.00,0.00,0.00,-0.00,0.00,0.00,0.00,-0.00,-0.00,0.01,0.00,-0.00,-0.00,0.00,0.00,0.00,0.00,0.00,0.00,0.00,0.00,0.00,0.00,0.00,-0.00,0.01,0.03,-0.02,-0.01,-0.02,-0.08,-1.75,-0.08,0.01,0.04,0.01,0.00,-0.00,0.01,0.01,-0.02,-0.11,0.59,0.00,0.00,0.00,0.00,0.00,-0.00,0.00,0.00,-0.00,0.00,0.00,-0.00,-0.00,0.00,-0.00,0.00,0.00,0.00,0.00,0.00,0.00,0.00,0.00,0.00,0.00,0.00,-0.00,0.00,-0.00,0.00,0.00,-0.00,0.00,0.00,-0.01,-0.00,0.00,0.01,0.00,0.00,0.01,0.01,0.00,0.00,-0.00,-0.00,0.00,-0.00,0.00,0.00,0.00,0.00,0.00,0.00,0.00,0.00,0.00,0.00,0.00,0.00,0.00,0.00,0.00,0.00,0.00,0.00,0.00,0.00,0.00,0.00,0.00,0.00,0.00,0.00,0.00,0.00,0.00,0.00,0.00,0.00,0.00,0.00,0.00,0.00,0.00,0.00,0.00,0.00,0.00
pose009,0.00,0.00,0.00,0.00,0.00,0.01,0.00,-0.00,0.00,0.00,0.00,0.00,0.00,0.00,0.00,0.00,0.00,0.00,0.00,0.00,-0.00,0.00,0.00,0.01,0.00,0.00,0.00,0.00,0.00,0.00,0.00,0.00,0.00,0.00,0.01,0.01,0.00,0.02,0.00,0.00,0.00,-0.00,0.00,0.00,0.00,0.00,0.00,0.00,-0.00,-0.00,0.00,0.00,0.00,0.00,0.01,0.01,0.03,-0.11,0.08,-2.97,-0.47,-0.12,-0.16,-0.06,0.00,0.00,0.04,-0.87,-0.11,-0.14,-0.01,0.00,-0.00,0.00,0.00,0.00,0.01,0.03,0.03,-0.24,-0.05,0.08,0.00,-0.00,0.02,0.00,0.00,0.01,0.00,0.00,0.00,0.00,0.00,-0.00,0.00,0.00,0.00,-0.00,0.00,0.00,0.00,0.00,0.00,0.00,0.00,0.01,0.01,0.02,0.01,-0.03,0.00,0.00,-0.01,-0.00,0.00,0.00,0.00,0.00,0.01,0.00,-0.00,0.01,-0.01,-0.00,0.04,-0.02,-0.39,0.45,-0.23,-0.13,-0.95,-2.00,-0.08,-0.83,2.36,-0.05,-0.00,0.14,0.00,0.03,0.01,0.00,0.01,0.00,0.00,0.00,0.00,0.00,0.01,0.00,0.00,0.00,0.00,-0.00,0.00,0.00,-0.00,-0.00,0.01,0.00,-0.00,-0.00,0.00,0.00,0.00,0.00,0.00,0.00,0.00,0.00,0.01,0.00,0.01,-0.18,0.03,1.16,-0.05,-0.99,-0.51,-0.11,-1.55,-0.04,0.00,0.02,0.01,0.00,0.00,0.02,0.01,0.00,-0.03,0.25,-0.00,0.00,0.00,0.00,0.02,0.00,0.01,0.02,-0.03,-0.00,0.01,-0.06,-0.00,0.00,0.00,-0.00,0.00,0.00,0.00,0.00,0.00,0.00,0.00,0.00,0.00,0.00,0.00,0.00,-0.00,0.00,0.01,-0.00,0.00,0.01,-0.02,-0.00,0.00,0.03,0.00,0.01,0.01,0.02,-0.00,0.01,-0.01,-0.01,0.00,0.00,0.00,-0.00,0.00,0.01,0.00,0.00,0.00,0.00,0.00,0.00,0.00,0.00,0.00,0.00,0.00,0.00,0.00,0.00,0.00,-0.00,0.00,0.00,0.00,0.00,0.00,0.00,0.00,0.00,0.00,0.00,0.00,0.00,0.00,-0.00,0.00,0.00,0.00,0.00,0.00,0.00,0.00
pose010,0.00,0.00,0.00,0.00,0.00,0.00,0.00,0.00,0.00,-0.00,0.00,0.00,0.00,0.00,0.00,0.00,0.00,0.00,0.00,0.00,-0.00,0.00,0.00,0.01,0.00,0.00,0.00,0.00,0.00,0.00,0.00,0.00,0.00,0.00,0.00,0.00,0.00,0.01,-0.00,0.00,0.00,0.00,0.00,0.00,0.00,0.00,0.00,0.00,0.00,0.00,0.01,0.00,0.00,0.00,0.01,0.00,0.02,-0.01,0.11,-0.82,-0.56,-0.21,-0.12,-0.45,-0.33,-0.15,-0.06,-2.29,-0.10,-0.04,-0.00,0.00,-0.00,0.00,0.00,0.00,0.00,0.02,0.00,-0.11,-0.04,0.28,-0.00,-0.05,0.06,-0.00,0.00,0.02,0.00,0.00,0.00,0.00,0.00,-0.00,0.00,0.00,0.00,-0.00,0.00,0.00,0.00,0.00,0.00,0.00,0.00,0.01,0.01,0.02,0.01,-0.03,0.01,-0.00,-0.00,0.00,0.00,0.00,0.00,0.00,0.01,0.01,-0.00,0.01,-0.03,-0.01,0.01,0.03,-0.02,-0.01,0.02,0.02,-0.06,-0.88,-0.05,-1.18,1.97,-0.01,0.00,0.18,0.00,0.01,0.01,0.00,0.00,0.00,0.00,0.00,0.00,0.00,0.00,-0.00,0.00,0.00,0.00,-0.00,0.00,0.00,-0.00,-0.00,0.01,0.01,-0.01,-0.00,0.00,0.00,0.00,0.00,0.00,0.00,0.00,0.00,0.01,-0.00,0.03,-0.65,0.03,2.10,-0.05,-1.09,-0.96,-0.11,-0.81,-0.01,0.00,0.01,0.00,0.00,0.00,0.02,0.00,0.00,-0.10,1.31,-0.05,-0.00,0.00,-0.00,0.05,-0.00,0.00,0.03,-0.06,-0.01,0.03,-0.12,-0.01,-0.00,-0.00,0.00,0.00,0.00,-0.00,-0.00,0.00,0.00,-0.00,0.00,0.00,0.00,0.00,0.00,-0.00,0.01,0.02,-0.00,0.00,0.01,-0.02,-0.01,0.00,0.07,0.00,0.01,0.01,0.02,-0.01,0.01,-0.04,-0.02,0.00,0.00,0.00,0.00,0.00,0.02,0.00,0.01,-0.00,0.00,0.00,0.00,-0.00,0.00,0.00,0.00,0.00,0.00,0.00,0.00,0.00,0.00,0.00,0.00,0.00,0.00,0.00,0.00,0.00,0.00,0.00,0.00,0.00,-0.00,0.00,-0.00,0.00,0.00,0.00,-0.00,0.00,0.00,0.00
