POSE,A-ACE-95,A-GLU-96,A-SER-97,A-ARG-98,A-THR-99,A-GLU-100,A-NME-100,A-ACE-101,A-ASP-102,A-NME-102,A-ACE-253,A-GLN-254,A-NME-254,A-ACE-257,A-LEU-258,A-NME-258,A-ACE-264,A-ILE-265,A-PRO-266,A-ARG-267,A-GLU-268,A-SER-269,A-LEU-270,A-ARG-271,A-LEU-272,A-GLU-273,A-VAL-274,A-LYS-275,A-LEU-276,A-GLY-277,A-GLN-278,A-GLY-279,A-CYS-280,A-PHE-281,A-GLY-282,A-GLU-283,A-VAL-284,A-TRP-285,A-MET-286,A-GLY-287,A-THR-288,A-TRP-289,A-ASN-290,A-GLY-291,A-THR-292,A-THR-293,A-ARG-294,A-VAL-295,A-ALA-296,A-ILE-297,A-LYS-298,A-THR-299,A-LEU-300,A-LYS-301,A-PRO-302,A-NME-302,A-ACE-303,A-THR-304,A-NME-304,A-ACE-325,A-VAL-326,A-NME-326,A-ACE-328,A-TYR-329,A-ALA-330,A-VAL-331,A-VAL-332,A-SER-333,A-GLU-334,A-GLU-335,A-PRO-336,A-ILE-337,A-TYR-338,A-ILE-339,A-VAL-340,A-THR-341,A-GLU-342,A-TYR-343,A-MET-344,A-SER-345,A-LYS-346,A-GLY-347,A-SER-348,A-NME-348,A-ACE-350,A-ASP-351,A-PHE-352,A-NME-352,A-ACE-354,A-GLY-355,A-GLU-356,A-NME-356,A-ACE-395,A-LEU-396,A-VAL-397,A-GLY-398,A-GLU-399,A-NME-399
pose001,-0.00,0.00,0.00,0.00,0.00,0.00,0.00,0.00,0.00,0.00,0.00,0.00,0.00,0.00,-0.00,0.00,0.00,0.00,-0.00,0.01,0.03,0.01,0.02,-0.17,-0.65,1.32,-0.97,-0.04,-0.02,0.01,0.01,0.00,0.00,0.00,0.00,0.09,-0.01,-0.58,-0.08,-0.00,0.01,-0.00,0.01,0.01,0.01,0.00,0.03,-0.00,0.00,-0.01,0.00,0.01,0.00,0.01,0.00,-0.00,0.00,0.00,0.00,0.00,-0.00,0.00,0.00,0.00,0.00,0.00,0.00,0.00,0.01,0.01,0.00,0.00,0.01,0.00,0.00,0.00,0.01,0.01,0.00,0.00,0.00,0.00,0.00,0.00,0.00,0.00,0.00,0.00,0.00,0.00,0.00,0.00,0.00,0.00,0.00,0.00,0.01,0.00
pose002,-0.00,0.00,0.00,0.00,0.00,0.00,0.00,-0.00,-0.00,0.00,0.00,0.00,-0.00,0.00,0.00,0.00,0.00,0.00,0.00,0.01,0.02,0.01,0.02,-0.98,-0.51,0.71,-0.80,0.02,-0.01,0.01,0.01,0.00,0.00,0.00,0.00,0.12,-0.01,-0.62,-0.10,0.00,0.01,-0.00,0.01,0.01,0.00,0.00,0.04,-0.00,0.00,-0.01,0.00,0.01,0.00,0.01,0.00,0.00,0.00,0.00,-0.00,0.00,-0.00,0.00,0.00,0.00,0.00,0.00,0.00,0.00,0.01,0.01,0.00,-0.00,0.01,0.00,0.00,-0.00,0.01,0.01,0.00,0.01,0.00,0.00,0.00,-0.00,0.00,-0.00,0.00,0.00,0.00,0.00,0.00,0.00,0.00,-0.00,0.00,0.00,0.01,0.00
pose003,-0.00,0.01,0.01,0.00,0.00,0.01,-0.00,0.00,0.00,0.00,0.00,0.00,0.00,0.00,0.00,0.00,0.00,0.00,-0.00,0.01,0.03,0.01,0.03,-1.36,-0.64,1.17,-1.23,0.00,-0.02,0.01,0.01,0.00,0.00,0.00,0.00,0.10,-0.00,-0.42,-0.10,-0.00,0.02,-0.01,0.01,0.01,0.00,0.00,0.06,-0.01,0.00,-0.01,0.00,0.01,0.00,0.01,0.00,0.00,0.00,0.00,0.00,0.00,0.00,-0.00,0.00,0.00,0.00,0.00,0.00,0.00,0.01,0.01,0.00,0.00,0.01,0.00,0.00,-0.00,0.01,0.01,0.01,0.01,0.00,0.00,0.00,0.00,0.00,0.00,0.00,0.00,0.00,0.00,0.00,0.00,0.00,0.00,0.00,0.00,0.02,-0.00
pose004,-0.00,0.00,0.00,0.00,0.00,0.01,0.00,0.00,0.00,0.00,0.00,0.00,0.00,0.00,0.00,0.00,0.00,0.00,-0.00,0.01,0.03,0.00,0.02,-0.53,-0.52,0.23,-0.67,0.04,-0.01,0.00,0.01,0.00,0.00,0.00,0.00,0.09,-0.00,-0.24,-0.09,-0.00,0.02,-0.00,0.01,0.01,0.01,0.01,0.03,-0.00,0.00,-0.01,0.00,0.01,0.00,0.00,-0.00,0.00,0.00,0.00,0.00,0.00,0.00,0.00,0.00,0.00,0.00,0.00,0.00,0.00,0.01,0.01,0.00,0.00,0.01,0.00,0.00,-0.00,0.01,0.01,0.00,0.00,0.00,0.00,0.00,0.00,0.00,0.00,0.00,0.00,0.00,0.00,0.00,0.00,0.00,0.00,0.00,0.00,0.01,0.00
pose005,-0.00,0.00,0.00,0.00,0.00,0.01,0.00,0.00,0.00,0.00,0.00,0.00,0.00,0.00,0.00,-0.00,0.00,0.00,-0.00,0.01,0.03,0.01,0.02,-0.67,-0.45,1.01,-0.66,0.03,-0.01,0.00,0.01,0.00,0.00,0.00,0.00,0.10,-0.00,-0.33,-0.07,-0.01,-0.01,-0.00,0.01,0.01,0.01,0.00,0.03,-0.00,0.00,-0.01,0.00,0.01,0.00,0.01,0.00,-0.00,-0.00,0.00,-0.00,0.00,-0.00,0.00,0.00,0.00,0.00,0.00,0.00,0.00,0.01,0.01,0.00,0.00,0.01,-0.00,0.00,-0.00,0.01,0.01,0.00,0.00,0.00,0.00,0.00,0.00,0.00,0.00,0.00,0.00,0.00,0.00,0.00,0.00,0.00,0.00,0.00,0.00,0.01,0.00
pose006,0.00,0.01,0.01,0.00,0.00,0.01,0.00,0.00,0.00,0.00,0.00,-0.00,0.00,0.00,0.00,-0.00,0.00,0.00,0.00,0.01,0.04,0.01,0.02,-2.02,-0.57,1.43,-0.13,0.01,-0.00,0.01,0.01,0.00,0.00,0.00,0.00,0.05,-0.00,-0.33,-0.04,-0.02,-0.04,-0.00,0.02,0.02,0.01,0.00,0.04,-0.01,0.00,-0.01,0.00,0.01,0.00,0.00,-0.00,0.00,-0.00,0.00,0.00,0.00,0.00,0.00,0.00,0.00,0.00,0.00,-0.00,0.00,0.01,0.01,0.00,-0.00,0.01,-0.00,0.00,-0.00,0.01,0.01,0.00,0.00,0.00,0.00,0.00,0.00,0.00,0.00,0.00,0.00,0.00,0.00,0.00,0.00,0.00,0.00,0.00,0.00,0.01,0.00
pose007,-0.00,0.00,0.00,0.00,0.00,0.00,0.00,0.00,0.00,0.00,0.00,0.00,0.00,0.00,0.00,0.00,0.00,0.00,-0.00,0.01,0.03,0.00,0.02,-0.73,-0.63,1.59,-0.88,-0.06,-0.02,0.01,0.01,0.00,0.00,0.00,0.00,0.09,-0.01,-0.48,-0.07,-0.01,0.02,-0.00,0.01,0.01,0.01,0.00,0.04,-0.01,0.00,-0.01,0.00,0.01,0.00,0.01,-0.00,-0.00,0.00,0.00,0.00,0.00,0.00,-0.00,0.00,0.00,0.00,0.00,0.00,0.00,0.01,0.01,0.00,0.00,0.01,0.00,-0.00,0.00,0.01,0.01,0.01,0.01,0.00,0.00,0.00,0.00,0.00,0.00,-0.00,0.00,0.00,0.00,0.00,0.00,0.00,0.00,0.00,0.00,0.01,0.00
pose008,0.00,0.01,0.00,0.00,0.00,0.01,0.00,0.00,0.00,0.00,0.00,0.00,0.00,0.00,0.00,0.00,0.00,0.00,-0.00,0.01,0.03,0.01,0.02,-1.02,-0.37,1.22,-0.89,0.04,-0.01,0.01,0.01,0.00,0.00,0.00,0.00,0.07,-0.00,-0.14,-0.10,-0.01,-0.01,-0.00,0.01,0.01,0.01,0.00,0.05,-0.01,0.00,-0.01,0.00,0.01,0.00,0.00,0.00,0.00,0.00,0.00,-0.00,0.00,0.00,0.00,0.00,0.00,0.00,0.00,0.00,0.00,0.01,0.00,-0.00,0.00,0.00,-0.00,0.00,-0.00,0.01,0.01,0.00,0.01,0.00,0.00,0.00,0.00,0.00,0.00,0.00,0.00,0.00,0.00,0.00,0.00,0.00,0.00,0.00,0.00,0.01,0.00
pose009,0.00,0.00,0.00,0.00,0.00,0.00,0.00,0.00,0.00,0.00,0.00,0.00,0.00,-0.00,0.00,0.00,0.00,0.00,0.00,0.01,0.02,0.00,0.01,-0.20,-0.28,-0.82,-1.15,0.02,-0.01,0.01,0.01,0.00,0.00,0.00,0.00,0.06,-0.00,-0.16,-0.14,-0.00,0.01,-0.00,0.01,0.01,0.01,0.00,0.05,-0.00,0.00,-0.01,0.00,0.01,0.00,0.00,0.00,0.00,0.00,0.00,0.00,0.00,0.00,0.00,0.00,0.00,0.00,0.00,-0.00,0.00,0.00,0.00,0.00,0.00,0.00,0.00,0.00,-0.00,0.00,0.01,0.00,0.01,0.01,0.00,0.00,0.00,0.00,0.00,0.00,0.00,0.00,0.00,0.00,0.00,0.00,0.00,0.00,0.00,0.01,0.00
